=== process order1.1
SELFCHECK OK (256 whole-block lengths 1..256 blk x 12 variants; out/Xi/ivec/ret byte-identical)
bytes  blks  |     base |   baseAA |   baseAB |     dsp0 |       t2 |       t3 |       t4 |       t5 |       t6 |       t7 |       t8 |     cw4t ||  baseAA%  baseAB%    dsp0%      t2%      t3%      t4%      t5%      t6%      t7%      t8%    cw4t%
16     1     |   25.355 |   23.781 |   23.671 |   23.365 |   12.320 |   12.336 |   12.380 |   12.344 |   12.340 |   12.375 |   12.319 |   12.567 ||   -6.21   -6.64   -7.85  -51.41  -51.35  -51.17  -51.32  -51.33  -51.19  -51.41  -50.44
       med   |   25.718 |   25.588 |   25.825 |   25.630 |   12.331 |   12.369 |   12.388 |   12.353 |   12.420 |   12.383 |   12.326 |   12.572
32     2     |   23.411 |   23.369 |   23.396 |   23.357 |   13.391 |   13.394 |   13.394 |   13.318 |   13.379 |   13.314 |   13.308 |   13.225 ||   -0.18   -0.06   -0.23  -42.80  -42.79  -42.79  -43.11  -42.85  -43.13  -43.15  -43.51
       med   |   23.713 |   23.422 |   23.978 |   23.716 |   13.404 |   13.424 |   13.453 |   13.357 |   13.443 |   13.324 |   13.342 |   13.459
48     3     |   24.251 |   24.236 |   24.270 |   24.210 |   24.206 |   13.733 |   13.754 |   13.742 |   13.684 |   13.695 |   13.678 |   14.125 ||   -0.06   +0.08   -0.17   -0.19  -43.37  -43.28  -43.33  -43.58  -43.53  -43.60  -41.76
       med   |   24.618 |   24.290 |   24.827 |   24.617 |   24.923 |   13.764 |   13.762 |   13.772 |   13.769 |   13.703 |   13.685 |   14.154
64     4     |   25.134 |   25.095 |   25.131 |   25.113 |   25.118 |   25.131 |   14.848 |   14.835 |   14.836 |   14.875 |   14.867 |   15.526 ||   -0.15   -0.01   -0.09   -0.06   -0.01  -40.92  -40.98  -40.97  -40.82  -40.85  -38.23
       med   |   25.397 |   25.167 |   25.646 |   25.637 |   25.809 |   25.376 |   14.860 |   14.851 |   14.850 |   15.144 |   14.884 |   15.547
80     5     |   25.982 |   25.990 |   25.986 |   25.992 |   26.001 |   25.996 |   25.997 |   16.580 |   16.714 |   16.646 |   16.635 |   19.486 ||   +0.03   +0.02   +0.04   +0.07   +0.05   +0.06  -36.19  -35.67  -35.93  -35.98  -25.00
       med   |   26.400 |   26.020 |   26.749 |   26.444 |   26.740 |   26.278 |   26.399 |   16.597 |   16.732 |   17.050 |   16.895 |   19.555
96     6     |   26.880 |   26.913 |   26.888 |   26.873 |   26.939 |   26.885 |   26.918 |   26.933 |   18.763 |   18.784 |   18.777 |   22.055 ||   +0.12   +0.03   -0.03   +0.22   +0.02   +0.14   +0.20  -30.20  -30.12  -30.15  -17.95
       med   |   27.536 |   26.970 |   27.493 |   26.974 |   27.622 |   27.030 |   27.393 |   26.973 |   18.796 |   18.806 |   18.804 |   22.081
112    7     |   27.458 |   27.434 |   27.471 |   27.485 |   27.530 |   27.489 |   27.484 |   27.486 |   27.507 |   20.827 |   20.851 |   24.778 ||   -0.09   +0.05   +0.10   +0.26   +0.11   +0.09   +0.10   +0.18  -24.15  -24.06   -9.76
       med   |   27.840 |   27.467 |   28.132 |   27.521 |   28.284 |   27.603 |   27.833 |   27.518 |   27.546 |   21.045 |   20.867 |   24.836
128    8     |   25.370 |   25.577 |   25.534 |   25.602 |   25.590 |   25.559 |   25.572 |   25.599 |   25.579 |   25.377 |   22.938 |   25.595 ||   +0.82   +0.65   +0.91   +0.87   +0.75   +0.80   +0.90   +0.82   +0.03   -9.59   +0.89
       med   |   25.761 |   25.600 |   26.108 |   26.159 |   25.998 |   25.737 |   25.805 |   25.626 |   25.610 |   25.623 |   22.956 |   26.199
256    16    |   45.455 |   45.349 |   45.415 |   45.375 |   45.365 |   45.430 |   45.675 |   45.343 |   45.378 |   45.279 |   45.322 |   45.352 ||   -0.23   -0.09   -0.18   -0.20   -0.05   +0.48   -0.25   -0.17   -0.39   -0.29   -0.23
       med   |   46.769 |   45.686 |   45.776 |   46.089 |   46.204 |   46.066 |   47.191 |   45.737 |   46.239 |   45.462 |   45.950 |   45.892
512    32    |   83.871 |   83.742 |   84.475 |   84.423 |   84.344 |   84.431 |   84.324 |   84.390 |   84.382 |   84.510 |   84.433 |   84.413 ||   -0.15   +0.72   +0.66   +0.56   +0.67   +0.54   +0.62   +0.61   +0.76   +0.67   +0.65
       med   |   85.370 |   84.860 |   86.320 |   86.422 |   85.902 |   85.641 |   85.822 |   85.387 |   84.924 |   85.821 |   86.147 |   84.740
1024   64    |  162.165 |  161.871 |  162.073 |  161.901 |  161.502 |  162.042 |  161.977 |  161.816 |  161.841 |  161.746 |  161.958 |  161.892 ||   -0.18   -0.06   -0.16   -0.41   -0.08   -0.12   -0.21   -0.20   -0.26   -0.13   -0.17
       med   |  163.746 |  163.923 |  166.323 |  163.754 |  163.210 |  165.762 |  164.565 |  163.127 |  162.708 |  164.536 |  163.351 |  163.609
4096   256   |  628.986 |  628.511 |  628.314 |  628.391 |  627.727 |  628.807 |  628.668 |  628.702 |  628.744 |  628.697 |  628.637 |  628.764 ||   -0.08   -0.11   -0.09   -0.20   -0.03   -0.05   -0.05   -0.04   -0.05   -0.06   -0.04
       med   |  630.439 |  631.427 |  632.508 |  630.569 |  629.980 |  635.033 |  632.528 |  630.177 |  630.356 |  631.197 |  630.369 |  630.604
=== process order1.2
SELFCHECK OK (256 whole-block lengths 1..256 blk x 12 variants; out/Xi/ivec/ret byte-identical)
bytes  blks  |     base |   baseAA |   baseAB |     dsp0 |       t2 |       t3 |       t4 |       t5 |       t6 |       t7 |       t8 |     cw4t ||  baseAA%  baseAB%    dsp0%      t2%      t3%      t4%      t5%      t6%      t7%      t8%    cw4t%
16     1     |   25.358 |   24.456 |   23.867 |   23.636 |   12.322 |   12.335 |   12.360 |   12.344 |   12.340 |   12.332 |   12.318 |   12.567 ||   -3.55   -5.88   -6.79  -51.41  -51.36  -51.26  -51.32  -51.34  -51.37  -51.42  -50.44
       med   |   25.721 |   25.553 |   25.805 |   25.717 |   12.332 |   12.369 |   12.388 |   12.353 |   12.419 |   12.383 |   12.327 |   12.572
32     2     |   23.414 |   23.367 |   23.413 |   23.356 |   13.393 |   13.396 |   13.393 |   13.317 |   13.375 |   13.310 |   13.303 |   13.226 ||   -0.20   -0.01   -0.25  -42.80  -42.79  -42.80  -43.13  -42.88  -43.15  -43.18  -43.51
       med   |   23.695 |   23.424 |   23.736 |   23.626 |   13.405 |   13.425 |   13.452 |   13.357 |   13.390 |   13.323 |   13.341 |   13.461
48     3     |   24.254 |   24.249 |   24.266 |   24.208 |   24.209 |   13.733 |   13.753 |   13.746 |   13.690 |   13.696 |   13.680 |   14.123 ||   -0.02   +0.05   -0.19   -0.19  -43.38  -43.30  -43.33  -43.56  -43.53  -43.60  -41.77
       med   |   24.614 |   24.293 |   24.825 |   24.409 |   24.469 |   13.765 |   13.762 |   13.773 |   13.770 |   13.704 |   13.686 |   14.135
64     4     |   25.126 |   25.111 |   25.137 |   25.120 |   25.127 |   25.106 |   14.849 |   14.832 |   14.840 |   14.877 |   14.869 |   15.529 ||   -0.06   +0.04   -0.02   +0.00   -0.08  -40.90  -40.97  -40.94  -40.79  -40.82  -38.20
       med   |   25.430 |   25.169 |   25.425 |   25.539 |   25.857 |   25.383 |   14.860 |   14.846 |   14.851 |   15.140 |   14.883 |   15.548
80     5     |   25.986 |   25.981 |   25.995 |   25.985 |   25.999 |   25.991 |   25.997 |   16.581 |   16.709 |   16.643 |   16.632 |   19.484 ||   -0.02   +0.03   -0.00   +0.05   +0.02   +0.04  -36.19  -35.70  -35.96  -36.00  -25.02
       med   |   26.121 |   26.017 |   26.716 |   26.295 |   26.740 |   26.270 |   26.443 |   16.598 |   16.731 |   16.858 |   16.828 |   19.555
96     6     |   26.913 |   26.926 |   26.933 |   26.901 |   26.912 |   26.881 |   26.935 |   26.904 |   18.752 |   18.785 |   18.780 |   22.048 ||   +0.05   +0.07   -0.05   -0.00   -0.12   +0.08   -0.04  -30.33  -30.20  -30.22  -18.08
       med   |   27.600 |   26.974 |   27.485 |   26.978 |   27.625 |   27.044 |   27.395 |   26.975 |   18.798 |   18.805 |   18.803 |   22.080
112    7     |   27.452 |   27.434 |   27.458 |   27.487 |   27.521 |   27.489 |   27.512 |   27.495 |   27.514 |   20.829 |   20.854 |   24.784 ||   -0.07   +0.02   +0.13   +0.25   +0.13   +0.22   +0.15   +0.22  -24.13  -24.04   -9.72
       med   |   27.634 |   27.467 |   27.819 |   27.528 |   28.295 |   27.611 |   28.000 |   27.584 |   27.555 |   21.352 |   20.872 |   24.831
128    8     |   25.372 |   25.573 |   25.522 |   25.591 |   25.594 |   25.553 |   25.588 |   25.599 |   25.590 |   25.381 |   22.938 |   25.578 ||   +0.80   +0.59   +0.86   +0.88   +0.72   +0.85   +0.90   +0.86   +0.04   -9.59   +0.81
       med   |   25.744 |   25.601 |   26.109 |   26.137 |   25.903 |   25.619 |   25.943 |   25.624 |   25.613 |   25.627 |   22.955 |   25.776
256    16    |   45.734 |   45.353 |   45.450 |   45.353 |   45.391 |   45.472 |   45.583 |   45.350 |   45.345 |   45.277 |   45.291 |   45.354 ||   -0.83   -0.62   -0.83   -0.75   -0.57   -0.33   -0.84   -0.85   -1.00   -0.97   -0.83
       med   |   46.888 |   45.613 |   46.264 |   45.965 |   46.304 |   45.871 |   47.126 |   45.637 |   45.925 |   45.469 |   45.769 |   45.865
512    32    |   84.598 |   83.719 |   84.402 |   84.451 |   84.363 |   84.479 |   84.429 |   84.462 |   84.340 |   84.468 |   84.399 |   84.424 ||   -1.04   -0.23   -0.17   -0.28   -0.14   -0.20   -0.16   -0.31   -0.15   -0.23   -0.21
       med   |   85.591 |   84.653 |   85.769 |   86.383 |   85.594 |   85.659 |   85.988 |   84.650 |   84.832 |   85.578 |   85.809 |   85.010
1024   64    |  162.131 |  161.645 |  162.031 |  161.928 |  161.904 |  162.012 |  161.843 |  161.837 |  161.821 |  161.790 |  161.936 |  161.817 ||   -0.30   -0.06   -0.13   -0.14   -0.07   -0.18   -0.18   -0.19   -0.21   -0.12   -0.19
       med   |  163.315 |  164.316 |  166.019 |  163.796 |  163.860 |  165.714 |  163.629 |  162.931 |  162.774 |  163.805 |  163.444 |  163.315
4096   256   |  629.017 |  628.667 |  628.244 |  628.191 |  627.758 |  628.885 |  628.829 |  628.420 |  628.664 |  628.722 |  628.812 |  628.583 ||   -0.06   -0.12   -0.13   -0.20   -0.02   -0.03   -0.09   -0.06   -0.05   -0.03   -0.07
       med   |  631.722 |  630.083 |  631.990 |  630.939 |  630.021 |  635.787 |  631.024 |  630.262 |  630.230 |  630.835 |  630.592 |  630.302
=== process order1.3
SELFCHECK OK (256 whole-block lengths 1..256 blk x 12 variants; out/Xi/ivec/ret byte-identical)
bytes  blks  |     base |   baseAA |   baseAB |     dsp0 |       t2 |       t3 |       t4 |       t5 |       t6 |       t7 |       t8 |     cw4t ||  baseAA%  baseAB%    dsp0%      t2%      t3%      t4%      t5%      t6%      t7%      t8%    cw4t%
16     1     |   25.329 |   25.356 |   25.336 |   24.265 |   12.321 |   12.332 |   12.380 |   12.344 |   12.339 |   12.328 |   12.319 |   12.567 ||   +0.11   +0.03   -4.20  -51.36  -51.31  -51.12  -51.26  -51.28  -51.33  -51.36  -50.38
       med   |   25.749 |   25.603 |   25.822 |   25.777 |   12.331 |   12.368 |   12.388 |   12.353 |   12.420 |   12.383 |   12.327 |   12.573
32     2     |   23.416 |   23.363 |   23.415 |   23.344 |   13.392 |   13.394 |   13.390 |   13.317 |   13.376 |   13.312 |   13.301 |   13.230 ||   -0.23   -0.01   -0.31  -42.81  -42.80  -42.82  -43.13  -42.88  -43.15  -43.20  -43.50
       med   |   23.801 |   23.424 |   23.977 |   23.510 |   13.405 |   13.425 |   13.445 |   13.357 |   13.389 |   13.323 |   13.341 |   13.463
48     3     |   24.248 |   24.248 |   24.284 |   24.207 |   24.223 |   13.734 |   13.755 |   13.742 |   13.681 |   13.695 |   13.678 |   14.085 ||   +0.00   +0.15   -0.17   -0.10  -43.36  -43.27  -43.33  -43.58  -43.52  -43.59  -41.91
       med   |   24.649 |   24.291 |   24.823 |   24.449 |   25.005 |   13.766 |   13.762 |   13.773 |   13.770 |   13.703 |   13.686 |   14.135
64     4     |   25.117 |   25.100 |   25.150 |   25.134 |   25.120 |   25.101 |   14.850 |   14.831 |   14.840 |   14.877 |   14.874 |   15.528 ||   -0.07   +0.13   +0.07   +0.02   -0.06  -40.88  -40.95  -40.92  -40.77  -40.78  -38.18
       med   |   25.476 |   25.172 |   25.645 |   25.536 |   25.823 |   25.368 |   14.859 |   14.845 |   14.853 |   15.144 |   15.157 |   15.546
80     5     |   25.983 |   25.985 |   26.001 |   25.989 |   25.992 |   25.987 |   25.995 |   16.580 |   16.713 |   16.643 |   16.631 |   19.484 ||   +0.01   +0.07   +0.02   +0.03   +0.01   +0.05  -36.19  -35.68  -35.95  -35.99  -25.01
       med   |   26.258 |   26.022 |   26.728 |   26.106 |   26.379 |   26.129 |   26.447 |   16.597 |   16.736 |   16.771 |   16.783 |   19.554
96     6     |   26.907 |   26.922 |   26.878 |   26.897 |   26.934 |   26.893 |   26.924 |   26.941 |   18.777 |   18.780 |   18.791 |   22.049 ||   +0.05   -0.11   -0.04   +0.10   -0.05   +0.06   +0.13  -30.21  -30.21  -30.16  -18.06
       med   |   27.251 |   26.973 |   27.492 |   26.978 |   27.600 |   27.048 |   27.399 |   26.976 |   18.798 |   18.807 |   18.935 |   22.081
112    7     |   27.457 |   27.430 |   27.467 |   27.489 |   27.519 |   27.489 |   27.483 |   27.487 |   27.513 |   20.829 |   20.850 |   24.773 ||   -0.10   +0.04   +0.12   +0.23   +0.12   +0.09   +0.11   +0.21  -24.14  -24.06   -9.77
       med   |   27.637 |   27.465 |   28.127 |   27.721 |   27.559 |   27.582 |   27.820 |   27.521 |   28.028 |   21.156 |   20.869 |   24.836
128    8     |   25.373 |   25.546 |   25.531 |   25.547 |   25.574 |   25.554 |   25.587 |   25.596 |   25.590 |   25.377 |   22.939 |   25.591 ||   +0.68   +0.62   +0.68   +0.79   +0.71   +0.84   +0.88   +0.85   +0.02   -9.59   +0.86
       med   |   25.745 |   25.599 |   26.142 |   25.761 |   26.039 |   25.627 |   25.953 |   25.622 |   25.611 |   25.625 |   22.956 |   26.167
256    16    |   45.679 |   45.346 |   45.523 |   45.337 |   45.352 |   45.406 |   45.693 |   45.318 |   45.337 |   45.276 |   45.284 |   45.343 ||   -0.73   -0.34   -0.75   -0.72   -0.60   +0.03   -0.79   -0.75   -0.88   -0.86   -0.73
       med   |   46.834 |   45.747 |   46.298 |   46.301 |   46.208 |   46.105 |   46.940 |   45.657 |   45.914 |   45.443 |   46.007 |   45.929
512    32    |   84.643 |   83.858 |   84.399 |   84.495 |   84.360 |   84.447 |   84.451 |   84.391 |   84.412 |   84.457 |   84.377 |   84.394 ||   -0.93   -0.29   -0.18   -0.33   -0.23   -0.23   -0.30   -0.27   -0.22   -0.31   -0.29
       med   |   85.949 |   84.616 |   85.983 |   85.650 |   86.096 |   85.642 |   85.867 |   85.453 |   84.737 |   85.799 |   85.879 |   84.752
1024   64    |  162.204 |  161.563 |  162.041 |  162.049 |  161.340 |  161.822 |  162.182 |  161.942 |  161.906 |  161.941 |  161.746 |  161.806 ||   -0.40   -0.10   -0.10   -0.53   -0.24   -0.01   -0.16   -0.18   -0.16   -0.28   -0.25
       med   |  163.781 |  163.012 |  166.399 |  163.639 |  164.457 |  165.713 |  165.702 |  163.208 |  163.306 |  164.063 |  163.397 |  162.369
4096   256   |  628.989 |  628.472 |  628.764 |  627.835 |  627.764 |  628.653 |  628.883 |  628.398 |  628.723 |  628.730 |  628.813 |  628.649 ||   -0.08   -0.04   -0.18   -0.19   -0.05   -0.02   -0.09   -0.04   -0.04   -0.03   -0.05
       med   |  630.503 |  630.321 |  634.607 |  632.495 |  629.974 |  634.856 |  632.713 |  630.234 |  630.104 |  630.961 |  630.994 |  630.543
=== process order1.4
SELFCHECK OK (256 whole-block lengths 1..256 blk x 12 variants; out/Xi/ivec/ret byte-identical)
bytes  blks  |     base |   baseAA |   baseAB |     dsp0 |       t2 |       t3 |       t4 |       t5 |       t6 |       t7 |       t8 |     cw4t ||  baseAA%  baseAB%    dsp0%      t2%      t3%      t4%      t5%      t6%      t7%      t8%    cw4t%
16     1     |   25.365 |   25.376 |   25.463 |   25.410 |   12.322 |   12.337 |   12.356 |   12.345 |   12.339 |   12.375 |   12.317 |   12.565 ||   +0.04   +0.38   +0.18  -51.42  -51.36  -51.29  -51.33  -51.36  -51.21  -51.44  -50.46
       med   |   25.738 |   25.572 |   25.823 |   25.746 |   12.331 |   12.369 |   12.388 |   12.353 |   12.361 |   12.383 |   12.327 |   12.572
32     2     |   23.396 |   23.363 |   23.402 |   23.366 |   13.357 |   13.396 |   13.394 |   13.317 |   13.378 |   13.313 |   13.301 |   13.225 ||   -0.14   +0.03   -0.13  -42.91  -42.74  -42.75  -43.08  -42.82  -43.10  -43.15  -43.47
       med   |   23.771 |   23.423 |   23.776 |   23.705 |   13.405 |   13.424 |   13.445 |   13.356 |   13.443 |   13.322 |   13.340 |   13.459
48     3     |   24.239 |   24.258 |   24.255 |   24.194 |   24.211 |   13.734 |   13.749 |   13.738 |   13.687 |   13.695 |   13.676 |   14.124 ||   +0.08   +0.07   -0.19   -0.11  -43.34  -43.28  -43.32  -43.53  -43.50  -43.58  -41.73
       med   |   24.602 |   24.291 |   24.822 |   24.425 |   24.977 |   13.766 |   13.762 |   13.773 |   13.770 |   13.703 |   13.685 |   14.135
64     4     |   25.125 |   25.119 |   25.121 |   25.122 |   25.133 |   25.112 |   14.844 |   14.833 |   14.837 |   14.878 |   14.867 |   15.528 ||   -0.02   -0.01   -0.01   +0.03   -0.05  -40.92  -40.96  -40.95  -40.78  -40.83  -38.20
       med   |   25.409 |   25.170 |   25.635 |   25.553 |   25.664 |   25.257 |   14.860 |   14.844 |   14.850 |   15.140 |   14.882 |   15.675
80     5     |   25.989 |   25.990 |   26.014 |   25.994 |   25.992 |   25.997 |   25.988 |   16.582 |   16.714 |   16.649 |   16.633 |   19.488 ||   +0.00   +0.10   +0.02   +0.01   +0.03   -0.00  -36.20  -35.69  -35.94  -36.00  -25.01
       med   |   26.229 |   26.024 |   26.728 |   26.300 |   26.152 |   26.266 |   26.020 |   16.599 |   16.738 |   17.070 |   16.822 |   19.553
96     6     |   26.929 |   26.913 |   26.878 |   26.874 |   26.923 |   26.881 |   26.935 |   26.933 |   18.766 |   18.785 |   18.774 |   22.049 ||   -0.06   -0.19   -0.20   -0.02   -0.18   +0.03   +0.02  -30.31  -30.24  -30.28  -18.12
       med   |   27.466 |   26.974 |   27.449 |   26.977 |   27.203 |   27.039 |   27.393 |   26.974 |   18.798 |   18.806 |   18.935 |   22.079
112    7     |   27.453 |   27.428 |   27.454 |   27.488 |   27.524 |   27.489 |   27.409 |   27.490 |   27.513 |   20.830 |   20.853 |   24.782 ||   -0.09   +0.00   +0.13   +0.26   +0.13   -0.16   +0.13   +0.22  -24.12  -24.04   -9.73
       med   |   28.000 |   27.467 |   27.938 |   27.520 |   27.897 |   27.708 |   27.862 |   27.594 |   27.780 |   21.051 |   20.869 |   24.832
128    8     |   25.364 |   25.562 |   25.528 |   25.558 |   25.590 |   25.552 |   25.589 |   25.575 |   25.588 |   25.380 |   22.935 |   25.591 ||   +0.78   +0.65   +0.77   +0.89   +0.74   +0.89   +0.83   +0.88   +0.06   -9.58   +0.90
       med   |   25.915 |   25.601 |   26.110 |   25.920 |   26.012 |   25.626 |   25.883 |   25.625 |   25.941 |   25.624 |   22.954 |   25.984
256    16    |   45.563 |   45.340 |   45.536 |   45.341 |   45.366 |   45.424 |   45.561 |   45.337 |   45.374 |   45.278 |   45.352 |   45.372 ||   -0.49   -0.06   -0.49   -0.43   -0.31   -0.00   -0.50   -0.41   -0.63   -0.46   -0.42
       med   |   46.804 |   45.615 |   46.233 |   45.850 |   46.133 |   46.108 |   46.762 |   45.537 |   45.915 |   45.469 |   45.966 |   46.080
512    32    |   84.470 |   83.843 |   84.395 |   84.492 |   84.349 |   84.367 |   84.369 |   84.411 |   84.381 |   84.417 |   84.356 |   84.445 ||   -0.74   -0.09   +0.03   -0.14   -0.12   -0.12   -0.07   -0.11   -0.06   -0.14   -0.03
       med   |   85.603 |   84.635 |   85.935 |   85.836 |   86.071 |   85.488 |   85.853 |   85.419 |   85.182 |   85.738 |   85.531 |   85.001
1024   64    |  162.071 |  161.725 |  161.879 |  161.633 |  161.608 |  161.915 |  161.941 |  161.827 |  162.012 |  161.774 |  161.903 |  162.000 ||   -0.21   -0.12   -0.27   -0.29   -0.10   -0.08   -0.15   -0.04   -0.18   -0.10   -0.04
       med   |  163.493 |  163.143 |  165.458 |  165.330 |  165.136 |  163.088 |  165.143 |  163.091 |  163.159 |  164.172 |  163.201 |  163.138
4096   256   |  629.025 |  628.745 |  628.681 |  628.399 |  627.850 |  628.822 |  628.775 |  628.404 |  628.170 |  628.553 |  628.784 |  628.790 ||   -0.04   -0.05   -0.10   -0.19   -0.03   -0.04   -0.10   -0.14   -0.08   -0.04   -0.04
       med   |  630.371 |  631.622 |  635.182 |  633.183 |  630.091 |  635.695 |  631.661 |  630.131 |  630.313 |  631.174 |  630.671 |  630.331
=== process order1.5
SELFCHECK OK (256 whole-block lengths 1..256 blk x 12 variants; out/Xi/ivec/ret byte-identical)
bytes  blks  |     base |   baseAA |   baseAB |     dsp0 |       t2 |       t3 |       t4 |       t5 |       t6 |       t7 |       t8 |     cw4t ||  baseAA%  baseAB%    dsp0%      t2%      t3%      t4%      t5%      t6%      t7%      t8%    cw4t%
16     1     |   25.296 |   25.338 |   25.349 |   25.385 |   12.321 |   12.334 |   12.380 |   12.344 |   12.339 |   12.329 |   12.318 |   12.566 ||   +0.17   +0.21   +0.35  -51.29  -51.24  -51.06  -51.20  -51.22  -51.26  -51.31  -50.32
       med   |   25.654 |   25.517 |   25.687 |   25.705 |   12.332 |   12.368 |   12.389 |   12.354 |   12.361 |   12.383 |   12.327 |   12.572
32     2     |   23.401 |   23.356 |   23.400 |   23.365 |   13.387 |   13.401 |   13.394 |   13.315 |   13.419 |   13.313 |   13.302 |   13.224 ||   -0.19   -0.00   -0.16  -42.79  -42.73  -42.76  -43.10  -42.66  -43.11  -43.16  -43.49
       med   |   23.606 |   23.430 |   23.978 |   23.532 |   13.405 |   13.425 |   13.445 |   13.357 |   13.442 |   13.325 |   13.342 |   13.461
48     3     |   24.260 |   24.227 |   24.272 |   24.213 |   24.205 |   13.733 |   13.750 |   13.746 |   13.690 |   13.697 |   13.677 |   14.124 ||   -0.13   +0.05   -0.19   -0.22  -43.39  -43.32  -43.34  -43.57  -43.54  -43.62  -41.78
       med   |   24.588 |   24.291 |   24.816 |   24.616 |   24.651 |   13.765 |   13.762 |   13.774 |   13.771 |   13.703 |   13.686 |   14.136
64     4     |   25.114 |   25.105 |   25.114 |   25.105 |   25.116 |   25.113 |   14.845 |   14.832 |   14.839 |   14.877 |   14.871 |   15.529 ||   -0.03   +0.00   -0.04   +0.01   -0.00  -40.89  -40.94  -40.91  -40.76  -40.78  -38.17
       med   |   25.407 |   25.170 |   25.637 |   25.343 |   25.871 |   25.356 |   14.859 |   14.961 |   14.852 |   15.141 |   14.947 |   15.729
80     5     |   25.995 |   25.991 |   26.001 |   25.992 |   25.996 |   25.999 |   25.996 |   16.581 |   16.712 |   16.640 |   16.631 |   19.490 ||   -0.02   +0.02   -0.01   +0.00   +0.01   +0.00  -36.22  -35.71  -35.99  -36.02  -25.02
       med   |   26.473 |   26.017 |   26.750 |   26.023 |   26.738 |   26.300 |   26.476 |   16.598 |   16.827 |   17.051 |   16.823 |   19.555
96     6     |   26.933 |   26.918 |   26.895 |   26.924 |   26.922 |   26.889 |   26.935 |   26.918 |   18.779 |   18.784 |   18.784 |   22.054 ||   -0.06   -0.14   -0.03   -0.04   -0.17   +0.00   -0.06  -30.27  -30.26  -30.26  -18.12
       med   |   27.601 |   26.975 |   27.490 |   26.977 |   27.356 |   27.169 |   27.209 |   26.975 |   18.799 |   18.804 |   18.804 |   22.082
112    7     |   27.455 |   27.432 |   27.463 |   27.489 |   27.523 |   27.494 |   27.506 |   27.482 |   27.509 |   20.829 |   20.852 |   24.777 ||   -0.08   +0.03   +0.12   +0.25   +0.14   +0.19   +0.10   +0.20  -24.13  -24.05   -9.76
       med   |   27.833 |   27.466 |   28.119 |   27.521 |   27.987 |   27.630 |   27.809 |   27.519 |   27.547 |   21.116 |   20.869 |   24.832
128    8     |   25.384 |   25.569 |   25.390 |   25.552 |   25.597 |   25.555 |   25.576 |   25.602 |   25.587 |   25.379 |   22.936 |   25.592 ||   +0.73   +0.03   +0.67   +0.84   +0.68   +0.76   +0.86   +0.80   -0.02   -9.64   +0.82
       med   |   25.895 |   25.602 |   26.124 |   25.748 |   26.129 |   25.746 |   25.860 |   25.625 |   25.611 |   25.624 |   22.955 |   25.856
256    16    |   45.539 |   45.353 |   45.507 |   45.351 |   45.384 |   45.501 |   45.561 |   45.340 |   45.346 |   45.284 |   45.420 |   45.340 ||   -0.41   -0.07   -0.41   -0.34   -0.08   +0.05   -0.44   -0.42   -0.56   -0.26   -0.44
       med   |   46.643 |   45.626 |   46.264 |   45.837 |   46.022 |   46.169 |   46.808 |   45.516 |   45.754 |   45.463 |   46.157 |   45.866
512    32    |   84.517 |   83.716 |   84.404 |   84.395 |   84.353 |   84.417 |   84.396 |   84.422 |   84.400 |   84.488 |   84.329 |   84.412 ||   -0.95   -0.13   -0.14   -0.19   -0.12   -0.14   -0.11   -0.14   -0.03   -0.22   -0.12
       med   |   85.745 |   84.618 |   85.863 |   86.198 |   86.130 |   85.655 |   85.907 |   85.409 |   84.732 |   85.773 |   85.450 |   84.804
1024   64    |  161.611 |  161.561 |  161.272 |  161.778 |  161.346 |  161.966 |  161.682 |  161.994 |  161.810 |  161.933 |  161.737 |  161.835 ||   -0.03   -0.21   +0.10   -0.16   +0.22   +0.04   +0.24   +0.12   +0.20   +0.08   +0.14
       med   |  163.285 |  163.118 |  165.340 |  163.666 |  164.136 |  165.364 |  163.462 |  162.992 |  162.750 |  163.923 |  163.166 |  163.043
4096   256   |  628.935 |  628.751 |  628.773 |  627.529 |  627.585 |  628.799 |  628.944 |  628.415 |  628.849 |  628.612 |  628.794 |  628.390 ||   -0.03   -0.03   -0.22   -0.21   -0.02   +0.00   -0.08   -0.01   -0.05   -0.02   -0.09
       med   |  632.440 |  632.857 |  634.250 |  631.143 |  629.939 |  636.178 |  633.090 |  631.194 |  630.275 |  630.967 |  632.139 |  630.710
=== process order2.1
SELFCHECK OK (256 whole-block lengths 1..256 blk x 12 variants; out/Xi/ivec/ret byte-identical)
bytes  blks  |     base |     cw4t |       t8 |       t7 |       t6 |       t5 |       t4 |       t3 |       t2 |     dsp0 |   baseAB |   baseAA ||    cw4t%      t8%      t7%      t6%      t5%      t4%      t3%      t2%    dsp0%  baseAB%  baseAA%
16     1     |   23.553 |   12.547 |   12.316 |   12.335 |   12.319 |   12.266 |   12.340 |   12.343 |   12.329 |   25.429 |   25.356 |   25.380 ||  -46.73  -47.71  -47.63  -47.69  -47.92  -47.61  -47.59  -47.66   +7.96   +7.66   +7.76
       med   |   25.742 |   12.551 |   12.327 |   12.344 |   12.326 |   12.342 |   12.395 |   12.355 |   12.337 |   25.757 |   25.587 |   25.812
32     2     |   23.401 |   13.346 |   13.308 |   13.373 |   13.304 |   13.266 |   13.391 |   13.411 |   13.390 |   23.377 |   23.353 |   23.425 ||  -42.97  -43.13  -42.85  -43.15  -43.31  -42.78  -42.69  -42.78   -0.10   -0.21   +0.10
       med   |   23.703 |   13.424 |   13.345 |   13.405 |   13.344 |   13.409 |   13.426 |   13.434 |   13.405 |   23.937 |   23.425 |   24.199
48     3     |   24.249 |   14.110 |   13.679 |   13.702 |   13.765 |   13.726 |   13.695 |   13.715 |   24.207 |   24.207 |   24.251 |   24.260 ||  -41.81  -43.59  -43.50  -43.23  -43.40  -43.52  -43.44   -0.17   -0.17   +0.01   +0.05
       med   |   24.545 |   14.120 |   13.684 |   13.710 |   13.772 |   13.734 |   13.703 |   13.743 |   24.684 |   24.432 |   24.293 |   24.991
64     4     |   25.151 |   15.529 |   14.872 |   14.871 |   14.853 |   14.854 |   14.864 |   25.110 |   25.114 |   25.136 |   25.107 |   25.163 ||  -38.26  -40.87  -40.87  -40.95  -40.94  -40.90   -0.16   -0.15   -0.06   -0.18   +0.04
       med   |   25.679 |   15.641 |   15.278 |   14.884 |   15.383 |   15.057 |   14.876 |   25.443 |   25.602 |   25.404 |   25.199 |   25.691
80     5     |   25.990 |   19.490 |   16.630 |   16.655 |   16.750 |   16.580 |   25.992 |   25.990 |   25.992 |   26.001 |   25.990 |   25.984 ||  -25.01  -36.01  -35.92  -35.55  -36.21   +0.01   -0.00   +0.01   +0.04   +0.00   -0.02
       med   |   26.555 |   19.520 |   16.882 |   17.013 |   17.108 |   16.601 |   26.026 |   26.104 |   26.115 |   26.468 |   26.018 |   26.553
96     6     |   26.927 |   22.029 |   18.779 |   18.792 |   18.783 |   26.933 |   26.888 |   26.923 |   26.899 |   26.912 |   26.913 |   26.920 ||  -18.19  -30.26  -30.21  -30.25   +0.02   -0.15   -0.02   -0.10   -0.06   -0.05   -0.03
       med   |   27.404 |   22.059 |   18.803 |   19.158 |   18.805 |   27.187 |   26.973 |   26.957 |   26.979 |   27.217 |   27.061 |   27.219
112    7     |   27.464 |   24.769 |   20.852 |   20.826 |   27.479 |   27.520 |   27.479 |   27.493 |   27.502 |   27.516 |   27.442 |   27.331 ||   -9.81  -24.07  -24.17   +0.05   +0.21   +0.06   +0.11   +0.14   +0.19   -0.08   -0.48
       med   |   28.019 |   25.123 |   20.868 |   21.052 |   27.524 |   27.749 |   27.519 |   27.551 |   28.229 |   28.049 |   27.580 |   28.056
128    8     |   25.386 |   25.560 |   22.902 |   25.592 |   25.387 |   25.590 |   25.577 |   25.575 |   25.556 |   25.582 |   25.553 |   25.376 ||   +0.68   -9.78   +0.81   +0.01   +0.80   +0.75   +0.74   +0.67   +0.77   +0.66   -0.04
       med   |   25.826 |   25.621 |   22.967 |   25.777 |   25.624 |   25.873 |   25.699 |   25.628 |   25.625 |   26.060 |   25.868 |   26.018
256    16    |   45.512 |   45.385 |   45.666 |   45.337 |   45.349 |   45.357 |   45.459 |   45.358 |   45.411 |   45.545 |   45.369 |   45.434 ||   -0.28   +0.34   -0.39   -0.36   -0.34   -0.12   -0.34   -0.22   +0.07   -0.31   -0.17
       med   |   46.717 |   46.108 |   46.731 |   45.722 |   45.632 |   46.514 |   45.964 |   46.159 |   46.263 |   45.698 |   46.518 |   46.112
512    32    |   84.523 |   84.376 |   84.469 |   84.366 |   84.460 |   84.522 |   84.417 |   84.393 |   84.400 |   84.291 |   84.308 |   84.406 ||   -0.17   -0.06   -0.19   -0.07   -0.00   -0.13   -0.15   -0.15   -0.27   -0.25   -0.14
       med   |   85.416 |   85.358 |   86.430 |   84.913 |   85.419 |   86.232 |   85.931 |   85.449 |   86.315 |   85.473 |   85.405 |   85.720
1024   64    |  161.960 |  161.806 |  162.125 |  161.504 |  161.835 |  161.963 |  161.901 |  161.879 |  161.982 |  161.702 |  161.935 |  162.031 ||   -0.10   +0.10   -0.28   -0.08   +0.00   -0.04   -0.05   +0.01   -0.16   -0.02   +0.04
       med   |  163.301 |  162.739 |  166.098 |  163.371 |  162.839 |  164.225 |  165.441 |  164.032 |  165.156 |  163.170 |  163.722 |  164.049
4096   256   |  628.566 |  628.749 |  628.950 |  628.827 |  628.513 |  628.927 |  628.706 |  628.413 |  628.713 |  628.289 |  628.737 |  628.899 ||   +0.03   +0.06   +0.04   -0.01   +0.06   +0.02   -0.02   +0.02   -0.04   +0.03   +0.05
       med   |  630.511 |  632.211 |  633.779 |  631.824 |  630.031 |  632.964 |  633.562 |  630.779 |  632.816 |  630.832 |  632.029 |  630.995
=== process order2.2
SELFCHECK OK (256 whole-block lengths 1..256 blk x 12 variants; out/Xi/ivec/ret byte-identical)
bytes  blks  |     base |     cw4t |       t8 |       t7 |       t6 |       t5 |       t4 |       t3 |       t2 |     dsp0 |   baseAB |   baseAA ||    cw4t%      t8%      t7%      t6%      t5%      t4%      t3%      t2%    dsp0%  baseAB%  baseAA%
16     1     |   24.036 |   12.548 |   12.318 |   12.314 |   12.317 |   12.270 |   12.339 |   12.347 |   12.324 |   25.442 |   23.455 |   23.790 ||  -47.80  -48.75  -48.77  -48.76  -48.95  -48.67  -48.63  -48.73   +5.85   -2.42   -1.02
       med   |   25.664 |   12.552 |   12.355 |   12.344 |   12.326 |   12.348 |   12.395 |   12.355 |   12.336 |   25.755 |   25.557 |   25.788
32     2     |   23.413 |   13.307 |   13.307 |   13.369 |   13.304 |   13.305 |   13.399 |   13.412 |   13.390 |   23.381 |   23.359 |   23.432 ||  -43.16  -43.16  -42.90  -43.17  -43.17  -42.77  -42.72  -42.81   -0.13   -0.23   +0.08
       med   |   23.479 |   13.423 |   13.402 |   13.401 |   13.401 |   13.413 |   13.431 |   13.435 |   13.405 |   23.891 |   23.425 |   24.118
48     3     |   24.261 |   14.083 |   13.677 |   13.700 |   13.765 |   13.726 |   13.696 |   13.717 |   24.221 |   24.210 |   24.242 |   24.263 ||  -41.95  -43.63  -43.53  -43.26  -43.42  -43.55  -43.46   -0.16   -0.21   -0.08   +0.01
       med   |   24.448 |   14.121 |   13.685 |   13.711 |   13.773 |   13.736 |   13.703 |   13.725 |   24.588 |   24.361 |   24.356 |   25.006
64     4     |   25.156 |   15.531 |   14.876 |   14.868 |   14.885 |   14.852 |   14.865 |   25.130 |   25.119 |   25.134 |   25.108 |   25.153 ||  -38.26  -40.87  -40.90  -40.83  -40.96  -40.91   -0.10   -0.15   -0.09   -0.19   -0.01
       med   |   25.704 |   15.798 |   15.287 |   14.883 |   15.305 |   14.870 |   14.905 |   25.371 |   25.172 |   25.251 |   25.172 |   25.528
80     5     |   25.987 |   19.493 |   16.631 |   16.658 |   16.753 |   16.578 |   25.985 |   25.984 |   25.993 |   25.998 |   25.990 |   26.004 ||  -24.99  -36.00  -35.90  -35.53  -36.20   -0.01   -0.01   +0.02   +0.04   +0.01   +0.07
       med   |   26.537 |   19.630 |   16.650 |   17.018 |   17.069 |   16.765 |   26.039 |   26.063 |   26.114 |   26.338 |   26.022 |   26.599
96     6     |   26.929 |   22.033 |   18.784 |   18.794 |   18.784 |   26.920 |   26.886 |   26.925 |   26.880 |   26.940 |   26.877 |   26.923 ||  -18.18  -30.24  -30.21  -30.24   -0.03   -0.16   -0.02   -0.18   +0.04   -0.19   -0.02
       med   |   27.573 |   22.064 |   18.805 |   19.157 |   19.270 |   26.965 |   26.975 |   26.957 |   26.974 |   27.346 |   27.000 |   27.453
112    7     |   27.463 |   24.783 |   20.854 |   20.833 |   27.486 |   27.531 |   27.484 |   27.496 |   27.498 |   27.510 |   27.436 |   27.350 ||   -9.76  -24.07  -24.14   +0.08   +0.25   +0.08   +0.12   +0.13   +0.17   -0.10   -0.41
       med   |   27.646 |   25.109 |   20.872 |   21.329 |   27.818 |   27.772 |   27.522 |   27.554 |   27.958 |   27.898 |   27.691 |   28.260
128    8     |   25.381 |   25.566 |   22.937 |   25.587 |   25.381 |   25.602 |   25.554 |   25.581 |   25.580 |   25.576 |   25.554 |   25.392 ||   +0.73   -9.63   +0.81   +0.00   +0.87   +0.68   +0.79   +0.79   +0.77   +0.68   +0.04
       med   |   25.910 |   25.625 |   23.279 |   25.781 |   25.630 |   26.010 |   25.627 |   25.616 |   25.624 |   25.627 |   25.612 |   26.032
256    16    |   45.493 |   45.403 |   45.454 |   45.359 |   45.363 |   45.467 |   45.375 |   45.125 |   45.410 |   45.453 |   45.571 |   45.401 ||   -0.20   -0.09   -0.30   -0.29   -0.06   -0.26   -0.81   -0.18   -0.09   +0.17   -0.20
       med   |   46.595 |   46.161 |   46.798 |   45.697 |   45.502 |   46.790 |   45.950 |   46.254 |   46.299 |   46.651 |   46.816 |   46.069
512    32    |   84.239 |   84.403 |   84.436 |   84.381 |   84.516 |   84.445 |   84.509 |   84.362 |   84.422 |   84.393 |   84.371 |   84.392 ||   +0.20   +0.23   +0.17   +0.33   +0.24   +0.32   +0.15   +0.22   +0.18   +0.16   +0.18
       med   |   85.367 |   85.533 |   85.926 |   85.036 |   85.339 |   85.980 |   86.087 |   85.261 |   86.161 |   85.827 |   85.684 |   84.769
1024   64    |  161.982 |  162.007 |  162.019 |  161.654 |  162.019 |  162.109 |  162.044 |  161.500 |  163.290 |  161.942 |  161.938 |  162.008 ||   +0.02   +0.02   -0.20   +0.02   +0.08   +0.04   -0.30   +0.81   -0.02   -0.03   +0.02
       med   |  163.381 |  165.517 |  165.058 |  163.232 |  162.941 |  165.118 |  164.427 |  162.964 |  166.091 |  163.561 |  164.435 |  163.558
4096   256   |  629.011 |  628.581 |  628.581 |  627.181 |  628.650 |  628.882 |  628.679 |  628.493 |  628.701 |  627.936 |  628.280 |  628.809 ||   -0.07   -0.07   -0.29   -0.06   -0.02   -0.05   -0.08   -0.05   -0.17   -0.12   -0.03
       med   |  630.391 |  631.525 |  632.351 |  630.978 |  629.843 |  632.286 |  633.167 |  630.398 |  632.799 |  630.827 |  631.897 |  630.861
=== process order2.3
SELFCHECK OK (256 whole-block lengths 1..256 blk x 12 variants; out/Xi/ivec/ret byte-identical)
bytes  blks  |     base |     cw4t |       t8 |       t7 |       t6 |       t5 |       t4 |       t3 |       t2 |     dsp0 |   baseAB |   baseAA ||    cw4t%      t8%      t7%      t6%      t5%      t4%      t3%      t2%    dsp0%  baseAB%  baseAA%
16     1     |   23.705 |   12.547 |   12.318 |   12.322 |   12.317 |   12.267 |   12.344 |   12.347 |   12.329 |   23.841 |   23.309 |   24.291 ||  -47.07  -48.04  -48.02  -48.04  -48.25  -47.92  -47.91  -47.99   +0.58   -1.67   +2.47
       med   |   25.718 |   12.551 |   12.327 |   12.344 |   12.326 |   12.347 |   12.396 |   12.355 |   12.336 |   25.798 |   25.598 |   25.789
32     2     |   23.412 |   13.307 |   13.303 |   13.371 |   13.300 |   13.305 |   13.393 |   13.408 |   13.396 |   23.384 |   23.353 |   23.417 ||  -43.16  -43.18  -42.89  -43.19  -43.17  -42.80  -42.73  -42.78   -0.12   -0.25   +0.02
       med   |   23.599 |   13.419 |   13.402 |   13.403 |   13.402 |   13.427 |   13.429 |   13.420 |   13.405 |   23.706 |   23.427 |   23.931
48     3     |   24.269 |   14.083 |   13.677 |   13.700 |   13.765 |   13.728 |   13.696 |   13.716 |   24.212 |   24.210 |   24.240 |   24.260 ||  -41.97  -43.64  -43.55  -43.28  -43.43  -43.57  -43.48   -0.23   -0.24   -0.12   -0.04
       med   |   24.605 |   14.120 |   13.685 |   13.710 |   13.772 |   13.772 |   13.706 |   13.741 |   24.602 |   24.459 |   24.355 |   25.073
64     4     |   25.117 |   15.530 |   14.868 |   14.871 |   14.859 |   14.852 |   14.864 |   25.127 |   25.103 |   25.118 |   25.146 |   25.155 ||  -38.17  -40.80  -40.80  -40.84  -40.87  -40.82   +0.04   -0.05   +0.01   +0.12   +0.15
       med   |   25.736 |   15.633 |   15.163 |   14.883 |   15.276 |   15.094 |   14.910 |   25.336 |   25.224 |   25.336 |   25.197 |   25.678
80     5     |   25.999 |   19.482 |   16.634 |   16.656 |   16.751 |   16.583 |   25.992 |   25.989 |   25.987 |   25.995 |   25.990 |   25.990 ||  -25.07  -36.02  -35.94  -35.57  -36.22   -0.03   -0.04   -0.05   -0.02   -0.03   -0.04
       med   |   26.715 |   19.518 |   16.650 |   17.020 |   16.984 |   16.760 |   26.080 |   26.065 |   26.023 |   26.311 |   26.072 |   26.316
96     6     |   26.938 |   22.029 |   18.787 |   18.792 |   18.785 |   26.926 |   26.945 |   26.920 |   26.891 |   26.926 |   26.862 |   26.945 ||  -18.22  -30.26  -30.24  -30.27   -0.05   +0.02   -0.07   -0.17   -0.05   -0.28   +0.03
       med   |   27.446 |   22.059 |   18.804 |   19.158 |   18.802 |   27.189 |   26.977 |   26.962 |   26.977 |   27.196 |   26.974 |   27.324
112    7     |   27.457 |   24.772 |   20.847 |   20.823 |   27.493 |   27.529 |   27.484 |   27.452 |   27.487 |   27.520 |   27.441 |   27.633 ||   -9.78  -24.07  -24.16   +0.13   +0.26   +0.10   -0.02   +0.11   +0.23   -0.06   +0.64
       med   |   27.991 |   25.051 |   20.866 |   21.157 |   27.837 |   27.755 |   27.522 |   27.549 |   27.907 |   27.938 |   27.701 |   28.266
128    8     |   25.371 |   25.580 |   22.912 |   25.586 |   25.380 |   25.584 |   25.583 |   25.584 |   25.602 |   25.584 |   25.534 |   25.373 ||   +0.82   -9.69   +0.85   +0.04   +0.84   +0.84   +0.84   +0.91   +0.84   +0.64   +0.01
       med   |   25.790 |   25.622 |   23.362 |   25.781 |   25.630 |   26.013 |   25.624 |   26.028 |   25.628 |   26.081 |   25.602 |   26.020
256    16    |   45.534 |   45.412 |   45.477 |   45.356 |   45.360 |   45.546 |   45.454 |   45.363 |   45.416 |   45.450 |   45.367 |   45.497 ||   -0.27   -0.12   -0.39   -0.38   +0.03   -0.18   -0.38   -0.26   -0.19   -0.37   -0.08
       med   |   46.710 |   46.158 |   46.725 |   45.704 |   45.522 |   46.835 |   46.037 |   46.398 |   46.267 |   46.125 |   46.848 |   46.082
512    32    |   84.501 |   84.396 |   84.433 |   84.383 |   84.384 |   84.472 |   84.447 |   84.396 |   84.439 |   84.358 |   84.392 |   84.329 ||   -0.12   -0.08   -0.14   -0.14   -0.03   -0.06   -0.12   -0.07   -0.17   -0.13   -0.20
       med   |   85.329 |   85.695 |   86.442 |   85.182 |   85.734 |   86.371 |   85.592 |   85.482 |   85.527 |   85.590 |   86.263 |   85.134
1024   64    |  162.151 |  162.058 |  162.041 |  161.873 |  161.788 |  162.023 |  161.946 |  161.476 |  162.059 |  161.954 |  161.929 |  161.995 ||   -0.06   -0.07   -0.17   -0.22   -0.08   -0.13   -0.42   -0.06   -0.12   -0.14   -0.10
       med   |  163.389 |  165.243 |  165.541 |  163.935 |  162.917 |  164.952 |  165.221 |  162.696 |  166.001 |  163.100 |  163.806 |  163.661
4096   256   |  628.976 |  628.457 |  628.856 |  628.906 |  628.741 |  628.936 |  628.700 |  628.423 |  628.704 |  628.620 |  628.264 |  628.631 ||   -0.08   -0.02   -0.01   -0.04   -0.01   -0.04   -0.09   -0.04   -0.06   -0.11   -0.05
       med   |  630.326 |  631.435 |  632.704 |  631.676 |  630.870 |  632.828 |  633.324 |  630.574 |  632.926 |  630.941 |  632.432 |  630.727
=== process order2.4
SELFCHECK OK (256 whole-block lengths 1..256 blk x 12 variants; out/Xi/ivec/ret byte-identical)
bytes  blks  |     base |     cw4t |       t8 |       t7 |       t6 |       t5 |       t4 |       t3 |       t2 |     dsp0 |   baseAB |   baseAA ||    cw4t%      t8%      t7%      t6%      t5%      t4%      t3%      t2%    dsp0%  baseAB%  baseAA%
16     1     |   23.323 |   12.547 |   12.320 |   12.336 |   12.318 |   12.309 |   12.331 |   12.347 |   12.330 |   25.439 |   23.844 |   23.327 ||  -46.20  -47.18  -47.11  -47.19  -47.22  -47.13  -47.06  -47.14   +9.07   +2.23   +0.02
       med   |   25.642 |   12.552 |   12.328 |   12.344 |   12.326 |   12.348 |   12.396 |   12.355 |   12.337 |   25.722 |   25.521 |   25.682
32     2     |   23.403 |   13.309 |   13.304 |   13.348 |   13.303 |   13.264 |   13.400 |   13.411 |   13.391 |   23.381 |   23.365 |   23.583 ||  -43.13  -43.15  -42.96  -43.16  -43.32  -42.74  -42.70  -42.78   -0.09   -0.16   +0.77
       med   |   23.602 |   13.355 |   13.402 |   13.423 |   13.345 |   13.409 |   13.431 |   13.436 |   13.405 |   23.643 |   23.470 |   24.130
48     3     |   24.258 |   14.085 |   13.679 |   13.702 |   13.729 |   13.727 |   13.695 |   13.716 |   24.214 |   24.211 |   24.255 |   24.273 ||  -41.94  -43.61  -43.52  -43.40  -43.41  -43.54  -43.46   -0.18   -0.19   -0.01   +0.06
       med   |   24.592 |   14.122 |   13.685 |   13.714 |   13.773 |   13.735 |   13.728 |   13.726 |   24.984 |   24.365 |   24.296 |   25.084
64     4     |   25.155 |   15.529 |   14.873 |   14.870 |   14.863 |   14.855 |   14.865 |   25.113 |   25.127 |   25.130 |   25.108 |   25.125 ||  -38.27  -40.87  -40.89  -40.91  -40.94  -40.91   -0.17   -0.11   -0.10   -0.19   -0.12
       med   |   25.678 |   15.721 |   15.285 |   14.883 |   15.337 |   14.872 |   14.878 |   25.359 |   25.603 |   25.327 |   25.198 |   25.472
80     5     |   25.988 |   19.486 |   16.629 |   16.646 |   16.748 |   16.582 |   25.990 |   25.994 |   25.986 |   25.988 |   25.991 |   25.997 ||  -25.02  -36.01  -35.95  -35.56  -36.20   +0.00   +0.02   -0.01   -0.00   +0.01   +0.03
       med   |   26.663 |   19.636 |   16.654 |   16.844 |   16.991 |   16.763 |   26.241 |   26.075 |   26.096 |   26.107 |   26.021 |   26.541
96     6     |   26.938 |   22.030 |   18.785 |   18.787 |   18.784 |   26.935 |   26.892 |   26.919 |   26.934 |   26.925 |   26.866 |   26.948 ||  -18.22  -30.26  -30.26  -30.27   -0.01   -0.17   -0.07   -0.01   -0.05   -0.27   +0.04
       med   |   27.369 |   22.060 |   18.804 |   19.161 |   18.974 |   27.196 |   26.976 |   26.959 |   26.992 |   27.231 |   26.982 |   27.439
112    7     |   27.463 |   24.768 |   20.850 |   20.839 |   27.475 |   27.528 |   27.491 |   27.457 |   27.506 |   27.435 |   27.441 |   27.470 ||   -9.81  -24.08  -24.12   +0.04   +0.24   +0.10   -0.02   +0.16   -0.10   -0.08   +0.03
       med   |   27.989 |   24.802 |   20.867 |   21.651 |   27.755 |   27.764 |   27.521 |   27.550 |   28.187 |   27.634 |   27.698 |   28.242
128    8     |   25.370 |   25.568 |   22.937 |   25.589 |   25.379 |   25.589 |   25.598 |   25.583 |   25.557 |   25.589 |   25.533 |   25.357 ||   +0.78   -9.59   +0.86   +0.03   +0.86   +0.90   +0.84   +0.74   +0.86   +0.64   -0.05
       med   |   25.862 |   25.622 |   23.315 |   25.782 |   25.625 |   25.864 |   25.624 |   26.022 |   25.624 |   26.214 |   25.612 |   26.004
256    16    |   45.556 |   45.360 |   45.449 |   45.365 |   45.352 |   45.570 |   45.458 |   45.319 |   45.462 |   45.477 |   45.825 |   45.491 ||   -0.43   -0.24   -0.42   -0.45   +0.03   -0.22   -0.52   -0.21   -0.17   +0.59   -0.14
       med   |   46.392 |   45.782 |   46.801 |   45.927 |   45.726 |   46.767 |   45.984 |   46.131 |   46.386 |   46.411 |   46.901 |   46.057
512    32    |   84.622 |   84.394 |   84.430 |   84.386 |   84.369 |   84.470 |   84.476 |   84.359 |   84.474 |   84.392 |   84.388 |   84.391 ||   -0.27   -0.23   -0.28   -0.30   -0.18   -0.17   -0.31   -0.18   -0.27   -0.28   -0.27
       med   |   85.356 |   85.575 |   86.402 |   85.039 |   85.389 |   85.923 |   85.902 |   85.998 |   86.031 |   85.646 |   86.092 |   85.330
1024   64    |  162.172 |  161.923 |  161.892 |  161.487 |  161.828 |  162.034 |  162.041 |  161.821 |  162.042 |  161.506 |  161.876 |  161.930 ||   -0.15   -0.17   -0.42   -0.21   -0.09   -0.08   -0.22   -0.08   -0.41   -0.18   -0.15
       med   |  163.489 |  164.369 |  165.481 |  163.027 |  163.637 |  165.609 |  165.564 |  164.023 |  164.620 |  163.617 |  164.137 |  163.723
4096   256   |  628.912 |  628.593 |  628.824 |  628.766 |  628.366 |  628.836 |  627.564 |  628.083 |  628.796 |  628.324 |  628.569 |  628.771 ||   -0.05   -0.01   -0.02   -0.09   -0.01   -0.21   -0.13   -0.02   -0.09   -0.05   -0.02
       med   |  631.108 |  631.423 |  632.712 |  630.855 |  629.981 |  633.054 |  633.164 |  630.785 |  633.033 |  631.010 |  631.524 |  631.221
=== process order2.5
SELFCHECK OK (256 whole-block lengths 1..256 blk x 12 variants; out/Xi/ivec/ret byte-identical)
bytes  blks  |     base |     cw4t |       t8 |       t7 |       t6 |       t5 |       t4 |       t3 |       t2 |     dsp0 |   baseAB |   baseAA ||    cw4t%      t8%      t7%      t6%      t5%      t4%      t3%      t2%    dsp0%  baseAB%  baseAA%
16     1     |   23.336 |   12.547 |   12.318 |   12.334 |   12.318 |   12.265 |   12.386 |   12.344 |   12.328 |   24.032 |   23.303 |   23.408 ||  -46.23  -47.21  -47.15  -47.21  -47.44  -46.92  -47.10  -47.17   +2.98   -0.14   +0.31
       med   |   25.723 |   12.551 |   12.330 |   12.344 |   12.326 |   12.348 |   12.396 |   12.355 |   12.336 |   25.884 |   25.595 |   25.758
32     2     |   23.419 |   13.345 |   13.301 |   13.371 |   13.303 |   13.266 |   13.395 |   13.413 |   13.389 |   23.367 |   23.360 |   23.403 ||  -43.02  -43.20  -42.91  -43.19  -43.35  -42.80  -42.72  -42.83   -0.22   -0.25   -0.07
       med   |   23.657 |   13.424 |   13.401 |   13.408 |   13.401 |   13.407 |   13.429 |   13.435 |   13.405 |   23.712 |   23.587 |   23.898
48     3     |   24.263 |   14.107 |   13.677 |   13.704 |   13.766 |   13.728 |   13.694 |   13.714 |   24.221 |   24.232 |   24.240 |   24.244 ||  -41.86  -43.63  -43.52  -43.26  -43.42  -43.56  -43.48   -0.17   -0.13   -0.10   -0.08
       med   |   24.480 |   14.122 |   13.685 |   13.710 |   13.773 |   13.770 |   13.703 |   13.726 |   24.675 |   24.462 |   24.301 |   24.916
64     4     |   25.119 |   15.529 |   14.876 |   14.871 |   14.854 |   14.855 |   14.864 |   25.128 |   25.104 |   25.132 |   25.107 |   25.132 ||  -38.18  -40.78  -40.80  -40.87  -40.86  -40.82   +0.04   -0.06   +0.05   -0.05   +0.05
       med   |   25.441 |   15.626 |   15.280 |   14.883 |   15.189 |   15.065 |   14.901 |   25.375 |   25.166 |   25.240 |   25.195 |   25.688
80     5     |   25.988 |   19.490 |   16.634 |   16.660 |   16.750 |   16.576 |   25.989 |   25.991 |   25.990 |   26.000 |   25.994 |   25.990 ||  -25.01  -35.99  -35.89  -35.55  -36.22   +0.00   +0.01   +0.01   +0.05   +0.02   +0.01
       med   |   26.454 |   19.627 |   16.881 |   16.973 |   16.983 |   16.766 |   26.028 |   26.090 |   26.027 |   26.241 |   26.120 |   26.559
96     6     |   26.934 |   22.029 |   18.786 |   18.795 |   18.787 |   26.919 |   26.891 |   26.922 |   26.896 |   26.921 |   26.889 |   26.906 ||  -18.21  -30.25  -30.22  -30.25   -0.06   -0.16   -0.04   -0.14   -0.05   -0.17   -0.10
       med   |   27.398 |   22.072 |   18.805 |   19.161 |   19.278 |   27.185 |   26.978 |   26.960 |   26.973 |   27.248 |   26.978 |   26.999
112    7     |   27.462 |   24.775 |   20.848 |   20.830 |   27.481 |   27.512 |   27.485 |   27.467 |   27.483 |   27.516 |   27.441 |   27.340 ||   -9.78  -24.09  -24.15   +0.07   +0.18   +0.08   +0.02   +0.07   +0.20   -0.08   -0.45
       med   |   27.661 |   25.083 |   20.870 |   21.314 |   27.526 |   27.731 |   27.718 |   27.555 |   27.519 |   27.847 |   27.685 |   27.656
128    8     |   25.372 |   25.570 |   22.902 |   25.584 |   25.377 |   25.595 |   25.577 |   25.583 |   25.571 |   25.599 |   25.532 |   25.381 ||   +0.78   -9.73   +0.83   +0.02   +0.88   +0.81   +0.83   +0.78   +0.89   +0.63   +0.04
       med   |   25.810 |   25.624 |   23.383 |   25.758 |   25.627 |   25.920 |   25.627 |   25.961 |   25.626 |   26.183 |   25.870 |   25.902
256    16    |   45.583 |   45.393 |   45.359 |   45.351 |   45.359 |   45.359 |   45.453 |   45.468 |   45.382 |   45.470 |   45.550 |   45.474 ||   -0.42   -0.49   -0.51   -0.49   -0.49   -0.29   -0.25   -0.44   -0.25   -0.07   -0.24
       med   |   46.658 |   46.164 |   46.542 |   45.754 |   45.540 |   46.657 |   45.950 |   46.430 |   46.470 |   46.545 |   46.494 |   46.028
512    32    |   84.476 |   84.384 |   84.472 |   83.919 |   84.372 |   84.503 |   84.437 |   84.398 |   84.461 |   84.393 |   84.403 |   84.355 ||   -0.11   -0.00   -0.66   -0.12   +0.03   -0.05   -0.09   -0.02   -0.10   -0.09   -0.14
       med   |   85.435 |   85.497 |   86.428 |   85.231 |   85.342 |   86.353 |   86.239 |   85.438 |   85.601 |   85.658 |   85.960 |   85.195
1024   64    |  161.927 |  161.916 |  162.017 |  161.641 |  161.827 |  162.012 |  162.025 |  161.897 |  161.975 |  161.724 |  161.837 |  161.894 ||   -0.01   +0.06   -0.18   -0.06   +0.05   +0.06   -0.02   +0.03   -0.13   -0.06   -0.02
       med   |  163.305 |  164.494 |  165.448 |  162.738 |  163.867 |  165.314 |  165.612 |  163.174 |  165.783 |  163.314 |  164.547 |  163.384
4096   256   |  628.811 |  628.683 |  628.964 |  628.854 |  628.705 |  628.976 |  628.682 |  627.277 |  628.684 |  628.543 |  627.630 |  628.861 ||   -0.02   +0.02   +0.01   -0.02   +0.03   -0.02   -0.24   -0.02   -0.04   -0.19   +0.01
       med   |  630.519 |  631.193 |  632.917 |  631.730 |  630.685 |  632.771 |  633.371 |  630.614 |  632.653 |  630.948 |  631.501 |  630.964
=== process order3.1
SELFCHECK OK (256 whole-block lengths 1..256 blk x 12 variants; out/Xi/ivec/ret byte-identical)
bytes  blks  |     base |       t5 |       t8 |   baseAA |       t3 |     cw4t |       t7 |     dsp0 |       t2 |   baseAB |       t6 |       t4 ||      t5%      t8%  baseAA%      t3%    cw4t%      t7%    dsp0%      t2%  baseAB%      t6%      t4%
16     1     |   25.382 |   12.345 |   12.318 |   25.365 |   12.307 |   12.568 |   12.374 |   25.481 |   12.325 |   25.426 |   12.317 |   12.332 ||  -51.36  -51.47   -0.07  -51.51  -50.49  -51.25   +0.39  -51.44   +0.17  -51.47  -51.41
       med   |   25.589 |   12.353 |   12.359 |   25.463 |   12.344 |   12.586 |   12.382 |   25.582 |   12.336 |   25.703 |   12.354 |   12.387
32     2     |   23.408 |   13.314 |   13.307 |   23.404 |   13.378 |   13.221 |   13.361 |   23.365 |   13.369 |   23.415 |   13.331 |   13.393 ||  -43.12  -43.15   -0.02  -42.85  -43.52  -42.92   -0.19  -42.89   +0.03  -43.05  -42.79
       med   |   23.530 |   13.356 |   13.402 |   23.451 |   13.425 |   13.370 |   13.371 |   23.563 |   13.405 |   24.140 |   13.342 |   13.444
48     3     |   24.263 |   13.698 |   13.679 |   24.257 |   13.699 |   14.080 |   13.692 |   24.206 |   24.208 |   24.266 |   13.765 |   13.727 ||  -43.54  -43.62   -0.02  -43.54  -41.97  -43.57   -0.24   -0.23   +0.01  -43.27  -43.42
       med   |   24.470 |   13.773 |   13.769 |   24.408 |   13.767 |   14.149 |   13.741 |   24.275 |   24.785 |   25.069 |   13.810 |   13.762
64     4     |   25.155 |   14.831 |   14.871 |   25.123 |   25.101 |   15.528 |   14.869 |   25.121 |   25.117 |   25.169 |   14.853 |   14.849 ||  -41.04  -40.88   -0.13   -0.22  -38.27  -40.89   -0.14   -0.15   +0.05  -40.95  -40.97
       med   |   25.336 |   14.848 |   15.153 |   25.197 |   25.150 |   15.672 |   14.885 |   25.161 |   25.226 |   26.030 |   14.865 |   14.923
80     5     |   25.984 |   16.584 |   16.637 |   25.983 |   25.965 |   19.535 |   16.641 |   25.990 |   25.996 |   25.986 |   16.743 |   25.997 ||  -36.18  -35.97   -0.00   -0.07  -24.82  -35.96   +0.02   +0.05   +0.01  -35.56   +0.05
       med   |   26.339 |   16.752 |   17.216 |   26.012 |   26.126 |   19.795 |   16.659 |   26.073 |   26.624 |   26.710 |   16.764 |   26.330
96     6     |   26.918 |   26.892 |   18.785 |   26.919 |   26.925 |   22.062 |   18.782 |   26.916 |   26.898 |   26.932 |   18.757 |   26.930 ||   -0.10  -30.21   +0.01   +0.03  -18.04  -30.22   -0.01   -0.07   +0.05  -30.32   +0.05
       med   |   27.567 |   26.977 |   18.803 |   27.003 |   26.975 |   22.437 |   18.935 |   26.958 |   27.026 |   27.581 |   18.982 |   27.379
112    7     |   27.458 |   27.481 |   20.850 |   27.449 |   27.487 |   24.778 |   20.828 |   27.502 |   27.427 |   27.465 |   27.492 |   27.508 ||   +0.08  -24.07   -0.04   +0.10   -9.76  -24.15   +0.16   -0.11   +0.02   +0.12   +0.18
       med   |   27.613 |   27.518 |   20.867 |   27.772 |   27.522 |   24.958 |   21.113 |   27.756 |   27.851 |   28.273 |   27.583 |   27.826
128    8     |   25.376 |   25.546 |   22.937 |   25.516 |   25.383 |   25.595 |   25.527 |   25.577 |   25.386 |   25.529 |   25.605 |   25.545 ||   +0.67   -9.61   +0.55   +0.03   +0.87   +0.60   +0.79   +0.04   +0.60   +0.90   +0.67
       med   |   25.764 |   25.624 |   22.954 |   25.913 |   25.623 |   26.039 |   26.001 |   25.620 |   25.988 |   26.356 |   25.981 |   25.691
256    16    |   45.480 |   45.379 |   45.412 |   45.505 |   45.478 |   45.498 |   45.442 |   45.477 |   45.543 |   45.479 |   45.379 |   45.376 ||   -0.22   -0.15   +0.05   -0.01   +0.04   -0.08   -0.01   +0.14   -0.00   -0.22   -0.23
       med   |   46.119 |   45.708 |   46.515 |   45.904 |   45.882 |   47.118 |   46.233 |   46.125 |   46.151 |   46.167 |   46.004 |   46.345
512    32    |   84.503 |   84.342 |   84.392 |   84.399 |   84.555 |   84.105 |   84.315 |   83.326 |   84.650 |   84.405 |   84.352 |   84.503 ||   -0.19   -0.13   -0.12   +0.06   -0.47   -0.22   -1.39   +0.17   -0.12   -0.18   +0.00
       med   |   85.987 |   84.743 |   86.393 |   85.554 |   86.545 |   84.832 |   85.155 |   85.242 |   85.809 |   85.690 |   84.774 |   84.906
1024   64    |  162.105 |  162.019 |  161.912 |  161.907 |  162.046 |  161.626 |  162.165 |  161.825 |  162.172 |  161.688 |  161.732 |  162.079 ||   -0.05   -0.12   -0.12   -0.04   -0.30   +0.04   -0.17   +0.04   -0.26   -0.23   -0.02
       med   |  163.190 |  163.020 |  164.906 |  165.393 |  163.540 |  162.684 |  165.544 |  163.165 |  165.890 |  163.439 |  163.095 |  162.686
4096   256   |  628.750 |  628.578 |  628.651 |  628.532 |  628.710 |  628.498 |  628.827 |  628.729 |  628.910 |  628.739 |  628.731 |  628.966 ||   -0.03   -0.02   -0.03   -0.01   -0.04   +0.01   -0.00   +0.03   -0.00   -0.00   +0.03
       med   |  630.192 |  630.018 |  631.227 |  634.702 |  631.101 |  630.289 |  632.366 |  631.275 |  631.623 |  631.063 |  629.874 |  631.069
=== process order3.2
SELFCHECK OK (256 whole-block lengths 1..256 blk x 12 variants; out/Xi/ivec/ret byte-identical)
bytes  blks  |     base |       t5 |       t8 |   baseAA |       t3 |     cw4t |       t7 |     dsp0 |       t2 |   baseAB |       t6 |       t4 ||      t5%      t8%  baseAA%      t3%    cw4t%      t7%    dsp0%      t2%  baseAB%      t6%      t4%
16     1     |   24.771 |   12.309 |   12.316 |   25.289 |   12.308 |   12.565 |   12.296 |   25.432 |   12.328 |   25.460 |   12.317 |   12.334 ||  -50.31  -50.28   +2.09  -50.31  -49.27  -50.36   +2.67  -50.23   +2.78  -50.28  -50.21
       med   |   25.552 |   12.353 |   12.326 |   25.382 |   12.343 |   12.586 |   12.382 |   25.554 |   12.337 |   25.626 |   12.327 |   12.387
32     2     |   23.410 |   13.311 |   13.307 |   23.411 |   13.412 |   13.221 |   13.361 |   23.366 |   13.367 |   23.408 |   13.333 |   13.400 ||  -43.14  -43.16   +0.01  -42.71  -43.52  -42.93   -0.19  -42.90   -0.01  -43.05  -42.76
       med   |   23.666 |   13.356 |   13.348 |   23.437 |   13.424 |   13.338 |   13.371 |   23.418 |   13.405 |   24.345 |   13.342 |   13.444
48     3     |   24.259 |   13.746 |   13.679 |   24.251 |   13.700 |   14.125 |   13.701 |   24.205 |   24.217 |   24.276 |   13.768 |   13.729 ||  -43.34  -43.61   -0.03  -43.53  -41.77  -43.52   -0.22   -0.17   +0.07  -43.25  -43.41
       med   |   24.468 |   13.773 |   13.768 |   24.347 |   13.766 |   14.157 |   13.762 |   24.249 |   24.948 |   25.241 |   13.809 |   13.762
64     4     |   25.131 |   14.831 |   14.872 |   25.124 |   25.103 |   15.530 |   14.871 |   25.117 |   25.109 |   25.170 |   14.855 |   14.849 ||  -40.99  -40.82   -0.03   -0.11  -38.20  -40.83   -0.06   -0.09   +0.15  -40.89  -40.91
       med   |   25.422 |   14.846 |   15.150 |   25.182 |   25.150 |   15.666 |   14.885 |   25.151 |   25.791 |   26.059 |   14.865 |   14.924
80     5     |   25.985 |   16.581 |   16.633 |   25.981 |   25.970 |   19.535 |   16.639 |   25.988 |   25.999 |   26.005 |   16.748 |   25.989 ||  -36.19  -35.99   -0.02   -0.06  -24.82  -35.97   +0.01   +0.05   +0.08  -35.55   +0.02
       med   |   26.029 |   16.600 |   16.652 |   26.014 |   26.202 |   19.597 |   16.661 |   26.025 |   26.443 |   26.767 |   16.773 |   26.268
96     6     |   26.925 |   26.931 |   18.782 |   26.925 |   26.940 |   22.054 |   18.786 |   26.918 |   26.888 |   26.927 |   18.786 |   26.921 ||   +0.02  -30.25   +0.00   +0.05  -18.09  -30.23   -0.03   -0.14   +0.01  -30.23   -0.02
       med   |   27.588 |   26.979 |   18.803 |   27.223 |   26.972 |   22.437 |   18.804 |   26.960 |   27.035 |   27.838 |   18.980 |   27.190
112    7     |   27.458 |   27.478 |   20.850 |   27.454 |   27.490 |   24.777 |   20.827 |   27.511 |   27.421 |   27.460 |   27.499 |   27.516 ||   +0.07  -24.07   -0.02   +0.12   -9.77  -24.15   +0.19   -0.14   +0.00   +0.15   +0.21
       med   |   28.128 |   27.520 |   20.869 |   27.782 |   27.520 |   24.970 |   20.845 |   27.552 |   28.183 |   28.099 |   28.240 |   27.691
128    8     |   25.397 |   25.598 |   22.935 |   25.513 |   25.378 |   25.593 |   25.386 |   25.589 |   25.382 |   25.534 |   25.611 |   25.538 ||   +0.79   -9.69   +0.46   -0.07   +0.77   -0.04   +0.76   -0.06   +0.54   +0.84   +0.56
       med   |   26.143 |   25.624 |   22.954 |   25.699 |   25.622 |   26.040 |   25.827 |   25.618 |   26.153 |   26.355 |   26.013 |   25.628
256    16    |   45.427 |   45.366 |   45.364 |   45.457 |   45.441 |   45.529 |   45.355 |   45.498 |   45.523 |   45.574 |   45.390 |   45.468 ||   -0.13   -0.14   +0.07   +0.03   +0.23   -0.16   +0.16   +0.21   +0.32   -0.08   +0.09
       med   |   46.149 |   45.802 |   46.761 |   45.616 |   45.869 |   46.709 |   46.408 |   45.622 |   46.111 |   46.142 |   46.118 |   46.093
512    32    |   84.098 |   84.283 |   84.004 |   84.393 |   84.508 |   83.925 |   84.432 |   82.881 |   84.672 |   84.420 |   84.379 |   84.500 ||   +0.22   -0.11   +0.35   +0.49   -0.21   +0.40   -1.45   +0.68   +0.38   +0.33   +0.48
       med   |   85.423 |   84.545 |   86.220 |   85.457 |   86.755 |   84.981 |   85.043 |   85.336 |   85.887 |   85.639 |   84.685 |   85.175
1024   64    |  162.099 |  161.971 |  161.780 |  161.810 |  162.063 |  161.838 |  162.179 |  161.882 |  162.238 |  162.097 |  160.792 |  161.966 ||   -0.08   -0.20   -0.18   -0.02   -0.16   +0.05   -0.13   +0.09   -0.00   -0.81   -0.08
       med   |  163.208 |  163.173 |  165.965 |  163.645 |  164.269 |  162.165 |  165.922 |  163.257 |  165.455 |  165.885 |  163.181 |  163.038
4096   256   |  628.834 |  628.738 |  628.001 |  628.760 |  628.659 |  628.572 |  628.782 |  628.789 |  626.992 |  628.846 |  628.544 |  628.918 ||   -0.02   -0.13   -0.01   -0.03   -0.04   -0.01   -0.01   -0.29   +0.00   -0.05   +0.01
       med   |  630.564 |  631.373 |  631.726 |  633.957 |  634.279 |  630.259 |  633.255 |  630.393 |  632.076 |  632.346 |  629.777 |  630.632
=== process order3.3
SELFCHECK OK (256 whole-block lengths 1..256 blk x 12 variants; out/Xi/ivec/ret byte-identical)
bytes  blks  |     base |       t5 |       t8 |   baseAA |       t3 |     cw4t |       t7 |     dsp0 |       t2 |   baseAB |       t6 |       t4 ||      t5%      t8%  baseAA%      t3%    cw4t%      t7%    dsp0%      t2%  baseAB%      t6%      t4%
16     1     |   25.378 |   12.344 |   12.318 |   25.368 |   12.308 |   12.567 |   12.373 |   25.071 |   12.328 |   25.371 |   12.316 |   12.333 ||  -51.36  -51.46   -0.04  -51.50  -50.48  -51.24   -1.21  -51.42   -0.03  -51.47  -51.40
       med   |   25.592 |   12.353 |   12.325 |   25.453 |   12.343 |   12.585 |   12.382 |   25.635 |   12.336 |   25.711 |   12.326 |   12.387
32     2     |   23.409 |   13.312 |   13.306 |   23.402 |   13.412 |   13.221 |   13.363 |   23.374 |   13.372 |   23.423 |   13.333 |   13.413 ||  -43.13  -43.16   -0.03  -42.71  -43.52  -42.91   -0.15  -42.88   +0.06  -43.04  -42.70
       med   |   23.513 |   13.357 |   13.402 |   23.438 |   13.425 |   13.328 |   13.385 |   23.516 |   13.405 |   24.350 |   13.342 |   13.444
48     3     |   24.255 |   13.765 |   13.678 |   24.245 |   13.733 |   14.123 |   13.698 |   24.199 |   24.210 |   24.274 |   13.762 |   13.732 ||  -43.25  -43.61   -0.04  -43.38  -41.77  -43.53   -0.23   -0.18   +0.08  -43.26  -43.39
       med   |   24.464 |   13.773 |   13.770 |   24.299 |   13.770 |   14.157 |   13.761 |   24.241 |   24.865 |   25.228 |   13.809 |   13.762
64     4     |   25.116 |   14.838 |   14.874 |   25.116 |   25.091 |   15.527 |   14.871 |   25.128 |   25.117 |   25.129 |   14.851 |   14.849 ||  -40.92  -40.78   -0.00   -0.10  -38.18  -40.79   +0.05   +0.00   +0.05  -40.87  -40.88
       med   |   25.220 |   15.229 |   15.202 |   25.168 |   25.150 |   15.546 |   14.888 |   25.152 |   25.607 |   25.675 |   14.865 |   14.918
80     5     |   25.989 |   16.577 |   16.635 |   25.979 |   25.973 |   19.536 |   16.638 |   25.994 |   26.003 |   25.996 |   16.743 |   25.990 ||  -36.22  -35.99   -0.04   -0.06  -24.83  -35.98   +0.02   +0.05   +0.03  -35.57   +0.00
       med   |   26.686 |   16.752 |   17.096 |   26.014 |   26.119 |   19.900 |   16.657 |   26.026 |   26.659 |   26.945 |   16.765 |   26.101
96     6     |   26.921 |   26.932 |   18.786 |   26.932 |   26.925 |   22.054 |   18.785 |   26.921 |   26.916 |   26.931 |   18.783 |   26.930 ||   +0.04  -30.22   +0.04   +0.01  -18.08  -30.22   +0.00   -0.02   +0.04  -30.23   +0.03
       med   |   27.488 |   26.974 |   18.803 |   27.229 |   26.974 |   22.164 |   19.104 |   26.955 |   27.399 |   27.844 |   19.049 |   27.360
112    7     |   27.471 |   27.488 |   20.852 |   27.463 |   27.489 |   24.777 |   20.827 |   27.499 |   27.405 |   27.475 |   27.505 |   27.519 ||   +0.06  -24.09   -0.03   +0.07   -9.81  -24.18   +0.10   -0.24   +0.02   +0.13   +0.18
       med   |   28.141 |   27.518 |   20.868 |   27.798 |   27.518 |   24.841 |   21.190 |   27.548 |   28.010 |   28.600 |   28.237 |   27.565
128    8     |   25.518 |   25.602 |   22.937 |   25.517 |   25.375 |   25.594 |   25.405 |   25.585 |   25.379 |   25.519 |   25.571 |   25.527 ||   +0.33  -10.11   -0.00   -0.56   +0.30   -0.44   +0.26   -0.54   +0.01   +0.21   +0.04
       med   |   26.205 |   25.625 |   22.953 |   25.897 |   25.620 |   26.047 |   25.997 |   25.611 |   25.703 |   26.128 |   25.990 |   25.622
256    16    |   45.553 |   45.357 |   45.382 |   45.453 |   45.459 |   45.536 |   45.370 |   45.535 |   45.520 |   45.389 |   45.392 |   45.465 ||   -0.43   -0.38   -0.22   -0.21   -0.04   -0.40   -0.04   -0.07   -0.36   -0.36   -0.19
       med   |   46.322 |   45.655 |   46.826 |   45.622 |   45.873 |   46.741 |   46.336 |   45.616 |   45.923 |   46.133 |   46.076 |   46.298
512    32    |   84.566 |   84.400 |   84.440 |   84.376 |   84.491 |   84.382 |   84.536 |   84.363 |   84.562 |   84.439 |   84.395 |   84.538 ||   -0.20   -0.15   -0.22   -0.09   -0.22   -0.04   -0.24   -0.00   -0.15   -0.20   -0.03
       med   |   85.928 |   84.590 |   86.576 |   85.434 |   85.454 |   85.637 |   85.298 |   85.405 |   85.677 |   85.658 |   85.018 |   85.409
1024   64    |  161.959 |  162.019 |  161.841 |  161.779 |  162.085 |  161.438 |  162.190 |  161.880 |  162.179 |  162.421 |  160.820 |  161.689 ||   +0.04   -0.07   -0.11   +0.08   -0.32   +0.14   -0.05   +0.14   +0.28   -0.70   -0.17
       med   |  163.168 |  163.278 |  164.552 |  163.256 |  163.330 |  162.516 |  165.760 |  163.072 |  165.338 |  165.230 |  163.150 |  163.012
4096   256   |  628.942 |  628.733 |  628.801 |  628.484 |  628.812 |  628.777 |  628.840 |  628.751 |  628.890 |  628.807 |  628.506 |  628.975 ||   -0.03   -0.02   -0.07   -0.02   -0.03   -0.02   -0.03   -0.01   -0.02   -0.07   +0.01
       med   |  631.150 |  631.081 |  632.065 |  633.162 |  630.859 |  630.459 |  633.303 |  630.178 |  631.911 |  631.368 |  629.777 |  630.562
=== process order3.4
SELFCHECK OK (256 whole-block lengths 1..256 blk x 12 variants; out/Xi/ivec/ret byte-identical)
bytes  blks  |     base |       t5 |       t8 |   baseAA |       t3 |     cw4t |       t7 |     dsp0 |       t2 |   baseAB |       t6 |       t4 ||      t5%      t8%  baseAA%      t3%    cw4t%      t7%    dsp0%      t2%  baseAB%      t6%      t4%
16     1     |   25.355 |   12.344 |   12.317 |   25.296 |   12.308 |   12.567 |   12.356 |   25.415 |   12.326 |   25.371 |   12.316 |   12.333 ||  -51.32  -51.42   -0.23  -51.46  -50.44  -51.27   +0.24  -51.39   +0.06  -51.43  -51.36
       med   |   25.674 |   12.352 |   12.328 |   25.508 |   12.344 |   12.586 |   12.383 |   25.636 |   12.336 |   25.728 |   12.361 |   12.388
32     2     |   23.412 |   13.315 |   13.303 |   23.400 |   13.384 |   13.223 |   13.363 |   23.375 |   13.375 |   23.419 |   13.333 |   13.432 ||  -43.13  -43.18   -0.05  -42.83  -43.52  -42.92   -0.16  -42.87   +0.03  -43.05  -42.63
       med   |   23.607 |   13.356 |   13.402 |   23.448 |   13.424 |   13.334 |   13.371 |   23.532 |   13.405 |   24.344 |   13.342 |   13.445
48     3     |   24.250 |   13.724 |   13.678 |   24.248 |   13.701 |   14.080 |   13.695 |   24.199 |   24.212 |   24.292 |   13.759 |   13.730 ||  -43.41  -43.60   -0.01  -43.50  -41.94  -43.52   -0.21   -0.16   +0.17  -43.26  -43.38
       med   |   24.484 |   13.773 |   13.768 |   24.299 |   13.766 |   14.153 |   13.758 |   24.263 |   24.831 |   25.072 |   13.809 |   13.762
64     4     |   25.120 |   14.841 |   14.873 |   25.118 |   25.102 |   15.529 |   14.869 |   25.118 |   25.108 |   25.151 |   14.851 |   14.850 ||  -40.92  -40.79   -0.01   -0.07  -38.18  -40.81   -0.01   -0.05   +0.13  -40.88  -40.89
       med   |   25.293 |   15.156 |   15.161 |   25.173 |   25.150 |   15.666 |   14.886 |   25.155 |   25.155 |   26.048 |   14.866 |   14.924
80     5     |   25.973 |   16.579 |   16.633 |   25.989 |   25.975 |   19.532 |   16.639 |   25.990 |   25.994 |   25.985 |   16.746 |   25.994 ||  -36.17  -35.96   +0.06   +0.01  -24.80  -35.94   +0.06   +0.08   +0.05  -35.53   +0.08
       med   |   26.262 |   16.606 |   16.945 |   26.011 |   26.181 |   19.570 |   16.659 |   26.028 |   26.548 |   26.681 |   16.765 |   26.266
96     6     |   26.910 |   26.908 |   18.786 |   26.935 |   26.827 |   22.051 |   18.784 |   26.918 |   26.918 |   26.913 |   18.792 |   26.934 ||   -0.01  -30.19   +0.09   -0.31  -18.06  -30.20   +0.03   +0.03   +0.01  -30.17   +0.09
       med   |   27.210 |   26.981 |   18.803 |   27.224 |   26.978 |   22.440 |   19.065 |   26.957 |   26.977 |   27.568 |   18.984 |   27.372
112    7     |   27.451 |   27.489 |   20.851 |   27.448 |   27.478 |   24.774 |   20.827 |   27.517 |   27.407 |   27.568 |   27.491 |   27.516 ||   +0.14  -24.04   -0.01   +0.10   -9.75  -24.13   +0.24   -0.16   +0.43   +0.15   +0.24
       med   |   27.884 |   27.519 |   20.868 |   27.556 |   27.523 |   24.896 |   21.151 |   27.751 |   27.922 |   28.286 |   28.060 |   27.561
128    8     |   25.378 |   25.607 |   22.935 |   25.524 |   25.381 |   25.595 |   25.386 |   25.582 |   25.372 |   25.516 |   25.608 |   25.413 ||   +0.90   -9.62   +0.58   +0.01   +0.86   +0.03   +0.80   -0.02   +0.54   +0.91   +0.14
       med   |   25.905 |   25.623 |   22.954 |   25.885 |   25.624 |   26.035 |   25.991 |   25.612 |   25.634 |   26.168 |   26.273 |   25.662
256    16    |   45.451 |   45.373 |   45.485 |   45.474 |   45.438 |   45.530 |   45.350 |   45.465 |   45.502 |   45.517 |   45.407 |   45.347 ||   -0.17   +0.07   +0.05   -0.03   +0.17   -0.22   +0.03   +0.11   +0.15   -0.10   -0.23
       med   |   46.509 |   45.791 |   46.643 |   45.615 |   45.633 |   46.739 |   46.145 |   45.603 |   46.057 |   46.183 |   46.161 |   45.731
512    32    |   84.654 |   84.395 |   84.262 |   84.387 |   84.504 |   84.376 |   84.499 |   84.386 |   84.623 |   84.407 |   84.233 |   84.679 ||   -0.31   -0.46   -0.32   -0.18   -0.33   -0.18   -0.32   -0.04   -0.29   -0.50   +0.03
       med   |   85.758 |   84.558 |   86.214 |   84.640 |   85.362 |   84.699 |   85.990 |   85.228 |   86.664 |   85.647 |   84.590 |   85.876
1024   64    |  162.171 |  162.030 |  161.963 |  161.868 |  162.081 |  161.909 |  162.193 |  161.708 |  162.163 |  161.963 |  160.968 |  162.067 ||   -0.09   -0.13   -0.19   -0.06   -0.16   +0.01   -0.29   -0.00   -0.13   -0.74   -0.06
       med   |  163.427 |  163.278 |  164.245 |  163.017 |  162.999 |  162.694 |  166.139 |  162.763 |  166.631 |  165.100 |  162.986 |  162.657
4096   256   |  629.011 |  628.699 |  628.572 |  628.771 |  628.681 |  628.506 |  628.771 |  628.659 |  628.826 |  628.749 |  628.754 |  628.876 ||   -0.05   -0.07   -0.04   -0.05   -0.08   -0.04   -0.06   -0.03   -0.04   -0.04   -0.02
       med   |  630.230 |  631.064 |  630.667 |  631.378 |  630.327 |  630.457 |  632.960 |  630.876 |  631.987 |  631.732 |  629.910 |  631.000
=== process order3.5
SELFCHECK OK (256 whole-block lengths 1..256 blk x 12 variants; out/Xi/ivec/ret byte-identical)
bytes  blks  |     base |       t5 |       t8 |   baseAA |       t3 |     cw4t |       t7 |     dsp0 |       t2 |   baseAB |       t6 |       t4 ||      t5%      t8%  baseAA%      t3%    cw4t%      t7%    dsp0%      t2%  baseAB%      t6%      t4%
16     1     |   24.826 |   12.345 |   12.318 |   25.320 |   12.310 |   12.566 |   12.327 |   23.547 |   12.328 |   24.602 |   12.309 |   12.332 ||  -50.27  -50.38   +1.99  -50.41  -49.38  -50.35   -5.15  -50.34   -0.90  -50.42  -50.32
       med   |   25.653 |   12.354 |   12.326 |   25.519 |   12.344 |   12.582 |   12.384 |   25.628 |   12.336 |   25.754 |   12.327 |   12.389
32     2     |   23.406 |   13.314 |   13.306 |   23.402 |   13.412 |   13.218 |   13.361 |   23.375 |   13.370 |   23.398 |   13.333 |   13.434 ||  -43.11  -43.15   -0.01  -42.70  -43.53  -42.92   -0.13  -42.88   -0.03  -43.04  -42.60
       med   |   23.668 |   13.357 |   13.404 |   23.453 |   13.425 |   13.456 |   13.385 |   23.424 |   13.405 |   23.935 |   13.342 |   13.445
48     3     |   24.249 |   13.721 |   13.678 |   24.246 |   13.733 |   14.125 |   13.697 |   24.206 |   24.219 |   24.493 |   13.728 |   13.729 ||  -43.42  -43.59   -0.01  -43.37  -41.75  -43.52   -0.18   -0.12   +1.01  -43.39  -43.38
       med   |   24.512 |   13.773 |   13.769 |   24.303 |   13.776 |   14.165 |   13.761 |   24.248 |   24.884 |   25.238 |   13.810 |   13.762
64     4     |   25.124 |   14.841 |   14.868 |   25.115 |   25.104 |   15.531 |   14.871 |   25.106 |   25.135 |   25.145 |   14.853 |   14.847 ||  -40.93  -40.82   -0.04   -0.08  -38.18  -40.81   -0.07   +0.04   +0.08  -40.88  -40.91
       med   |   25.340 |   15.161 |   15.151 |   25.171 |   25.152 |   15.673 |   14.886 |   25.157 |   25.788 |   25.651 |   14.865 |   14.899
80     5     |   25.986 |   16.580 |   16.634 |   25.991 |   25.963 |   19.534 |   16.640 |   25.979 |   25.991 |   26.002 |   16.748 |   25.991 ||  -36.20  -35.99   +0.02   -0.09  -24.83  -35.96   -0.03   +0.02   +0.06  -35.55   +0.02
       med   |   26.663 |   16.757 |   17.071 |   26.019 |   26.222 |   19.598 |   16.657 |   26.028 |   26.686 |   26.764 |   16.764 |   26.277
96     6     |   26.908 |   26.907 |   18.783 |   26.884 |   26.912 |   22.057 |   18.783 |   26.918 |   26.864 |   26.935 |   18.789 |   26.932 ||   -0.01  -30.20   -0.09   +0.01  -18.03  -30.20   +0.04   -0.17   +0.10  -30.17   +0.09
       med   |   27.385 |   26.977 |   18.803 |   27.001 |   26.973 |   22.429 |   18.807 |   26.957 |   27.002 |   27.607 |   18.982 |   27.220
112    7     |   27.458 |   27.494 |   20.850 |   27.451 |   27.491 |   24.782 |   20.827 |   27.491 |   27.429 |   27.478 |   27.504 |   27.515 ||   +0.13  -24.06   -0.02   +0.12   -9.74  -24.15   +0.12   -0.10   +0.07   +0.17   +0.21
       med   |   28.002 |   27.519 |   20.866 |   27.564 |   27.521 |   24.908 |   21.105 |   27.552 |   28.146 |   28.288 |   28.237 |   27.740
128    8     |   25.378 |   25.584 |   22.936 |   25.516 |   25.384 |   25.593 |   25.396 |   25.587 |   25.375 |   25.541 |   25.570 |   25.549 ||   +0.81   -9.62   +0.54   +0.02   +0.84   +0.07   +0.82   -0.01   +0.64   +0.76   +0.67
       med   |   26.076 |   25.624 |   22.954 |   25.951 |   25.623 |   25.908 |   25.990 |   25.615 |   25.634 |   26.351 |   25.807 |   25.818
256    16    |   45.453 |   45.368 |   45.317 |   45.492 |   45.445 |   45.542 |   45.339 |   45.462 |   45.511 |   45.588 |   45.383 |   45.362 ||   -0.19   -0.30   +0.08   -0.02   +0.19   -0.25   +0.02   +0.13   +0.30   -0.15   -0.20
       med   |   46.147 |   45.756 |   46.727 |   45.859 |   45.824 |   47.088 |   46.271 |   45.851 |   46.137 |   46.173 |   46.363 |   46.082
512    32    |   84.458 |   84.415 |   84.415 |   84.419 |   84.383 |   84.322 |   84.437 |   84.353 |   84.677 |   84.376 |   84.283 |   84.484 ||   -0.05   -0.05   -0.05   -0.09   -0.16   -0.02   -0.12   +0.26   -0.10   -0.21   +0.03
       med   |   85.401 |   84.868 |   85.859 |   85.540 |   85.769 |   84.863 |   85.701 |   85.358 |   86.412 |   84.613 |   85.276 |   85.163
1024   64    |  162.084 |  162.053 |  161.902 |  161.920 |  162.119 |  160.373 |  162.070 |  161.946 |  162.375 |  161.817 |  160.817 |  162.171 ||   -0.02   -0.11   -0.10   +0.02   -1.06   -0.01   -0.09   +0.18   -0.17   -0.78   +0.05
       med   |  163.055 |  163.330 |  164.690 |  165.571 |  166.554 |  162.869 |  165.819 |  163.107 |  164.553 |  162.718 |  163.498 |  163.917
4096   256   |  629.030 |  628.725 |  628.750 |  628.723 |  628.820 |  628.486 |  628.734 |  628.734 |  628.936 |  628.726 |  628.635 |  628.962 ||   -0.05   -0.04   -0.05   -0.03   -0.09   -0.05   -0.05   -0.02   -0.05   -0.06   -0.01
       med   |  630.611 |  631.452 |  631.870 |  633.866 |  631.543 |  630.349 |  632.369 |  630.168 |  631.481 |  630.827 |  629.874 |  630.605
=== process order4.1
SELFCHECK OK (256 whole-block lengths 1..256 blk x 12 variants; out/Xi/ivec/ret byte-identical)
bytes  blks  |     base |       t8 |   baseAB |       t2 |     cw4t |       t6 |     dsp0 |       t4 |   baseAA |       t7 |       t3 |       t5 ||      t8%  baseAB%      t2%    cw4t%      t6%    dsp0%      t4%  baseAA%      t7%      t3%      t5%
16     1     |   25.354 |   12.338 |   25.365 |   12.322 |   12.547 |   12.311 |   25.405 |   12.335 |   25.215 |   12.336 |   12.308 |   12.309 ||  -51.34   +0.04  -51.40  -50.51  -51.44   +0.20  -51.35   -0.55  -51.35  -51.46  -51.45
       med   |   25.751 |   12.346 |   25.550 |   12.331 |   12.552 |   12.346 |   25.756 |   12.388 |   25.559 |   12.343 |   12.370 |   12.321
32     2     |   23.419 |   13.363 |   23.386 |   13.391 |   13.346 |   13.363 |   23.377 |   13.418 |   23.395 |   13.376 |   13.398 |   13.406 ||  -42.94   -0.14  -42.82  -43.01  -42.94   -0.18  -42.71   -0.10  -42.88  -42.79  -42.75
       med   |   23.801 |   13.384 |   23.503 |   13.404 |   13.424 |   13.385 |   23.587 |   13.445 |   23.488 |   13.405 |   13.423 |   13.428
48     3     |   24.239 |   13.678 |   24.237 |   24.210 |   14.114 |   13.762 |   24.201 |   13.707 |   24.241 |   13.703 |   13.732 |   13.729 ||  -43.57   -0.01   -0.12  -41.77  -43.22   -0.16  -43.45   +0.01  -43.47  -43.35  -43.36
       med   |   24.653 |   13.767 |   24.289 |   24.244 |   14.125 |   13.770 |   24.403 |   13.762 |   24.445 |   13.710 |   13.740 |   13.773
64     4     |   25.117 |   14.867 |   25.105 |   25.123 |   15.516 |   14.841 |   25.110 |   14.845 |   25.113 |   14.871 |   25.105 |   14.852 ||  -40.81   -0.05   +0.03  -38.23  -40.91   -0.03  -40.90   -0.02  -40.79   -0.05  -40.87
       med   |   25.650 |   14.882 |   25.169 |   25.152 |   15.543 |   15.102 |   25.312 |   14.860 |   25.290 |   14.883 |   25.300 |   14.865
80     5     |   25.987 |   16.645 |   25.986 |   26.000 |   19.491 |   16.708 |   25.989 |   25.982 |   25.991 |   16.651 |   25.985 |   16.585 ||  -35.95   -0.00   +0.05  -25.00  -35.70   +0.01   -0.02   +0.01  -35.93   -0.01  -36.18
       med   |   26.500 |   16.668 |   26.016 |   26.343 |   19.518 |   16.728 |   26.228 |   26.719 |   26.222 |   16.671 |   26.434 |   16.831
96     6     |   26.904 |   18.797 |   26.872 |   26.910 |   22.037 |   18.778 |   26.927 |   26.928 |   26.929 |   18.794 |   26.928 |   26.929 ||  -30.13   -0.12   +0.02  -18.09  -30.20   +0.08   +0.09   +0.09  -30.15   +0.09   +0.09
       med   |   27.205 |   18.999 |   27.117 |   27.042 |   22.154 |   19.216 |   27.008 |   27.321 |   27.131 |   19.150 |   27.201 |   26.960
112    7     |   27.447 |   20.844 |   27.435 |   27.518 |   24.767 |   27.515 |   27.489 |   27.548 |   27.437 |   20.826 |   27.487 |   27.514 ||  -24.06   -0.05   +0.26   -9.77   +0.24   +0.15   +0.37   -0.04  -24.12   +0.14   +0.24
       med   |   27.676 |   20.860 |   27.552 |   27.544 |   24.837 |   27.926 |   27.722 |   28.261 |   27.556 |   20.844 |   27.588 |   27.548
128    8     |   25.376 |   22.712 |   25.532 |   25.584 |   25.571 |   25.605 |   25.376 |   25.595 |   25.577 |   25.582 |   25.572 |   25.586 ||  -10.50   +0.61   +0.82   +0.77   +0.90   +0.00   +0.86   +0.79   +0.81   +0.77   +0.83
       med   |   26.258 |   22.950 |   25.603 |   25.611 |   25.623 |   26.145 |   25.762 |   26.175 |   25.607 |   25.616 |   25.624 |   25.613
256    16    |   45.440 |   45.359 |   45.544 |   45.301 |   45.348 |   45.384 |   45.432 |   45.350 |   45.327 |   45.349 |   45.347 |   45.380 ||   -0.18   +0.23   -0.30   -0.20   -0.12   -0.02   -0.20   -0.25   -0.20   -0.20   -0.13
       med   |   46.205 |   45.433 |   46.441 |   45.978 |   45.819 |   46.060 |   45.941 |   46.148 |   45.626 |   46.279 |   45.434 |   45.743
512    32    |   84.486 |   84.392 |   84.267 |   84.464 |   83.963 |   84.404 |   84.480 |   84.061 |   84.392 |   84.427 |   84.443 |   84.371 ||   -0.11   -0.26   -0.03   -0.62   -0.10   -0.01   -0.50   -0.11   -0.07   -0.05   -0.14
       med   |   84.931 |   84.745 |   84.808 |   85.549 |   84.615 |   86.166 |   84.761 |   85.762 |   85.139 |   85.916 |   85.302 |   85.339
1024   64    |  162.045 |  161.912 |  161.433 |  162.064 |  161.110 |  161.853 |  162.163 |  161.892 |  161.863 |  161.827 |  161.700 |  161.965 ||   -0.08   -0.38   +0.01   -0.58   -0.12   +0.07   -0.09   -0.11   -0.13   -0.21   -0.05
       med   |  162.742 |  163.192 |  163.050 |  165.094 |  163.132 |  163.288 |  163.951 |  164.185 |  163.780 |  163.588 |  163.394 |  162.891
4096   256   |  628.991 |  628.778 |  628.883 |  628.673 |  628.543 |  628.803 |  628.428 |  628.123 |  628.279 |  628.678 |  628.643 |  628.754 ||   -0.03   -0.02   -0.05   -0.07   -0.03   -0.09   -0.14   -0.11   -0.05   -0.06   -0.04
       med   |  630.667 |  631.651 |  633.000 |  630.587 |  630.296 |  630.900 |  632.548 |  630.763 |  633.248 |  630.394 |  631.413 |  630.482
=== process order4.2
SELFCHECK OK (256 whole-block lengths 1..256 blk x 12 variants; out/Xi/ivec/ret byte-identical)
bytes  blks  |     base |       t8 |   baseAB |       t2 |     cw4t |       t6 |     dsp0 |       t4 |   baseAA |       t7 |       t3 |       t5 ||      t8%  baseAB%      t2%    cw4t%      t6%    dsp0%      t4%  baseAA%      t7%      t3%      t5%
16     1     |   25.341 |   12.331 |   25.382 |   12.323 |   12.547 |   12.291 |   25.427 |   12.325 |   25.357 |   12.334 |   12.307 |   12.312 ||  -51.34   +0.16  -51.37  -50.49  -51.50   +0.34  -51.36   +0.06  -51.33  -51.43  -51.42
       med   |   25.655 |   12.347 |   25.497 |   12.331 |   12.552 |   12.347 |   25.770 |   12.389 |   25.526 |   12.345 |   12.371 |   12.330
32     2     |   23.410 |   13.366 |   23.400 |   13.391 |   13.346 |   13.366 |   23.374 |   13.403 |   23.367 |   13.376 |   13.412 |   13.400 ||  -42.90   -0.04  -42.80  -42.99  -42.91   -0.15  -42.75   -0.18  -42.86  -42.71  -42.76
       med   |   23.463 |   13.386 |   23.432 |   13.404 |   13.424 |   13.385 |   23.584 |   13.445 |   23.573 |   13.418 |   13.423 |   13.427
48     3     |   24.249 |   13.679 |   24.245 |   24.209 |   14.116 |   13.765 |   24.210 |   13.754 |   24.261 |   13.702 |   13.732 |   13.729 ||  -43.59   -0.02   -0.17  -41.79  -43.24   -0.16  -43.28   +0.05  -43.50  -43.37  -43.39
       med   |   24.554 |   13.730 |   24.290 |   24.248 |   14.125 |   13.771 |   24.424 |   13.763 |   24.501 |   13.711 |   13.740 |   13.775
64     4     |   25.126 |   14.872 |   25.103 |   25.127 |   15.524 |   14.837 |   25.128 |   14.849 |   25.117 |   14.869 |   25.120 |   14.853 ||  -40.81   -0.09   +0.00  -38.21  -40.95   +0.01  -40.90   -0.03  -40.82   -0.02  -40.89
       med   |   25.475 |   14.882 |   25.170 |   25.151 |   15.544 |   14.851 |   25.334 |   14.860 |   25.286 |   14.883 |   25.150 |   14.864
80     5     |   25.997 |   16.645 |   25.986 |   25.992 |   19.496 |   16.712 |   25.994 |   26.017 |   25.987 |   16.649 |   25.994 |   16.579 ||  -35.97   -0.04   -0.02  -25.01  -35.71   -0.01   +0.08   -0.04  -35.96   -0.01  -36.23
       med   |   26.526 |   16.669 |   26.019 |   26.500 |   19.519 |   16.727 |   26.085 |   26.834 |   26.234 |   16.672 |   26.460 |   16.822
96     6     |   26.923 |   18.801 |   26.861 |   26.921 |   22.036 |   18.724 |   26.958 |   26.956 |   26.925 |   18.790 |   26.901 |   26.920 ||  -30.17   -0.23   -0.01  -18.15  -30.45   +0.13   +0.12   +0.01  -30.21   -0.08   -0.01
       med   |   27.316 |   19.181 |   27.114 |   27.183 |   22.379 |   19.088 |   27.215 |   27.667 |   27.002 |   19.149 |   27.171 |   26.956
112    7     |   27.462 |   20.842 |   27.446 |   27.512 |   24.773 |   27.529 |   27.433 |   27.527 |   27.433 |   20.826 |   27.494 |   27.508 ||  -24.11   -0.06   +0.18   -9.79   +0.24   -0.11   +0.24   -0.11  -24.16   +0.12   +0.17
       med   |   27.948 |   20.861 |   27.916 |   27.547 |   24.798 |   27.936 |   27.719 |   28.391 |   27.702 |   20.843 |   28.003 |   27.547
128    8     |   25.371 |   22.916 |   25.537 |   25.582 |   25.568 |   25.605 |   25.395 |   25.592 |   25.572 |   25.585 |   25.586 |   25.585 ||   -9.68   +0.66   +0.83   +0.78   +0.92   +0.10   +0.87   +0.79   +0.84   +0.85   +0.85
       med   |   26.256 |   22.951 |   25.610 |   25.612 |   25.624 |   26.139 |   25.987 |   26.128 |   25.807 |   25.612 |   25.623 |   25.757
256    16    |   45.437 |   45.353 |   45.452 |   45.287 |   45.323 |   45.333 |   45.386 |   45.357 |   45.333 |   45.352 |   45.323 |   45.356 ||   -0.19   +0.03   -0.33   -0.25   -0.23   -0.11   -0.18   -0.23   -0.19   -0.25   -0.18
       med   |   46.392 |   45.488 |   46.132 |   45.679 |   45.859 |   45.856 |   45.948 |   46.385 |   45.775 |   46.619 |   45.712 |   45.737
512    32    |   84.493 |   84.391 |   84.375 |   84.426 |   84.520 |   84.376 |   84.375 |   84.378 |   84.376 |   84.414 |   84.442 |   84.410 ||   -0.12   -0.14   -0.08   +0.03   -0.14   -0.14   -0.14   -0.14   -0.09   -0.06   -0.10
       med   |   84.909 |   84.687 |   84.803 |   85.878 |   85.940 |   85.959 |   84.687 |   85.222 |   85.672 |   85.852 |   85.309 |   85.354
1024   64    |  162.121 |  162.024 |  161.951 |  161.912 |  162.052 |  160.857 |  161.994 |  161.546 |  161.866 |  161.879 |  161.998 |  161.967 ||   -0.06   -0.10   -0.13   -0.04   -0.78   -0.08   -0.35   -0.16   -0.15   -0.08   -0.09
       med   |  163.192 |  164.206 |  162.959 |  163.197 |  163.225 |  163.865 |  162.785 |  163.060 |  165.507 |  163.902 |  162.972 |  163.169
4096   256   |  628.949 |  628.720 |  628.812 |  628.904 |  628.471 |  628.651 |  628.677 |  627.716 |  628.749 |  628.431 |  628.691 |  628.770 ||   -0.04   -0.02   -0.01   -0.08   -0.05   -0.04   -0.20   -0.03   -0.08   -0.04   -0.03
       med   |  630.520 |  631.449 |  632.726 |  630.498 |  630.391 |  630.857 |  631.493 |  630.432 |  633.245 |  630.378 |  630.870 |  630.209
=== process order4.3
SELFCHECK OK (256 whole-block lengths 1..256 blk x 12 variants; out/Xi/ivec/ret byte-identical)
bytes  blks  |     base |       t8 |   baseAB |       t2 |     cw4t |       t6 |     dsp0 |       t4 |   baseAA |       t7 |       t3 |       t5 ||      t8%  baseAB%      t2%    cw4t%      t6%    dsp0%      t4%  baseAA%      t7%      t3%      t5%
16     1     |   25.406 |   12.328 |   24.642 |   12.322 |   12.547 |   12.338 |   25.495 |   12.378 |   25.409 |   12.315 |   12.310 |   12.307 ||  -51.47   -3.01  -51.50  -50.61  -51.44   +0.35  -51.28   +0.01  -51.53  -51.55  -51.56
       med   |   25.722 |   12.346 |   25.523 |   12.330 |   12.552 |   12.346 |   25.808 |   12.387 |   25.608 |   12.342 |   12.371 |   12.319
32     2     |   23.410 |   13.362 |   23.399 |   13.393 |   13.348 |   13.369 |   23.359 |   13.435 |   23.376 |   13.388 |   13.412 |   13.365 ||  -42.92   -0.05  -42.79  -42.98  -42.89   -0.22  -42.61   -0.14  -42.81  -42.71  -42.91
       med   |   23.793 |   13.385 |   23.459 |   13.404 |   13.426 |   13.386 |   23.565 |   13.445 |   23.519 |   13.427 |   13.425 |   13.428
48     3     |   24.264 |   13.680 |   24.237 |   24.203 |   14.114 |   13.732 |   24.223 |   13.756 |   24.236 |   13.703 |   13.713 |   13.729 ||  -43.62   -0.11   -0.25  -41.83  -43.41   -0.17  -43.31   -0.11  -43.52  -43.48  -43.42
       med   |   24.699 |   13.765 |   24.294 |   24.248 |   14.125 |   13.770 |   24.514 |   13.762 |   24.473 |   13.711 |   13.740 |   13.773
64     4     |   25.114 |   14.871 |   25.129 |   25.120 |   15.527 |   14.841 |   25.113 |   14.845 |   25.115 |   14.866 |   25.115 |   14.852 ||  -40.79   +0.06   +0.02  -38.17  -40.90   -0.00  -40.89   +0.00  -40.81   +0.00  -40.86
       med   |   25.498 |   14.882 |   25.171 |   25.149 |   15.544 |   15.058 |   25.298 |   14.859 |   25.283 |   14.884 |   25.340 |   14.864
80     5     |   25.990 |   16.646 |   25.988 |   26.001 |   19.486 |   16.713 |   25.991 |   26.003 |   25.991 |   16.652 |   25.986 |   16.582 ||  -35.95   -0.01   +0.04  -25.03  -35.69   +0.00   +0.05   +0.00  -35.93   -0.01  -36.20
       med   |   26.264 |   16.808 |   26.018 |   26.539 |   19.518 |   16.729 |   26.238 |   26.820 |   26.172 |   16.671 |   26.464 |   16.826
96     6     |   26.931 |   18.798 |   26.932 |   26.916 |   22.034 |   18.780 |   26.944 |   26.924 |   26.906 |   18.793 |   26.918 |   26.914 ||  -30.20   +0.00   -0.06  -18.19  -30.27   +0.05   -0.03   -0.09  -30.22   -0.05   -0.06
       med   |   27.211 |   19.187 |   27.124 |   27.180 |   22.159 |   19.342 |   27.220 |   27.630 |   27.092 |   18.914 |   27.223 |   26.959
112    7     |   27.443 |   20.846 |   27.439 |   27.508 |   24.760 |   27.527 |   27.516 |   27.501 |   27.441 |   20.823 |   27.496 |   27.514 ||  -24.04   -0.01   +0.24   -9.78   +0.31   +0.27   +0.21   -0.01  -24.12   +0.19   +0.26
       med   |   27.814 |   20.861 |   27.736 |   27.548 |   24.800 |   27.925 |   27.726 |   28.216 |   27.691 |   20.846 |   27.996 |   27.546
128    8     |   25.365 |   22.733 |   25.533 |   25.586 |   25.565 |   25.592 |   25.383 |   25.602 |   25.582 |   25.588 |   25.571 |   25.586 ||  -10.38   +0.66   +0.87   +0.79   +0.89   +0.07   +0.93   +0.85   +0.88   +0.81   +0.87
       med   |   25.993 |   22.953 |   25.601 |   25.611 |   25.623 |   26.145 |   25.988 |   26.206 |   25.741 |   25.619 |   25.904 |   25.611
256    16    |   45.487 |   45.357 |   45.414 |   45.320 |   45.324 |   45.367 |   45.412 |   45.367 |   45.340 |   45.530 |   45.340 |   45.409 ||   -0.29   -0.16   -0.37   -0.36   -0.27   -0.17   -0.26   -0.32   +0.09   -0.32   -0.17
       med   |   46.203 |   45.468 |   45.915 |   46.041 |   45.903 |   46.001 |   46.101 |   46.290 |   45.783 |   46.678 |   45.494 |   45.756
512    32    |   84.428 |   84.422 |   84.425 |   84.439 |   84.505 |   84.366 |   84.398 |   84.418 |   84.341 |   84.416 |   84.371 |   84.425 ||   -0.01   -0.00   +0.01   +0.09   -0.07   -0.04   -0.01   -0.10   -0.01   -0.07   -0.00
       med   |   85.497 |   85.150 |   85.438 |   85.857 |   85.902 |   85.573 |   84.927 |   86.089 |   85.275 |   85.925 |   85.338 |   85.373
1024   64    |  162.145 |  161.999 |  161.905 |  161.987 |  160.948 |  162.014 |  161.893 |  161.952 |  161.624 |  161.883 |  161.899 |  161.834 ||   -0.09   -0.15   -0.10   -0.74   -0.08   -0.16   -0.12   -0.32   -0.16   -0.15   -0.19
       med   |  163.253 |  163.387 |  163.303 |  164.860 |  163.240 |  164.017 |  163.325 |  164.283 |  163.282 |  164.147 |  163.197 |  163.169
4096   256   |  628.640 |  628.745 |  628.754 |  628.747 |  628.280 |  628.600 |  628.443 |  628.385 |  628.776 |  628.677 |  628.749 |  628.879 ||   +0.02   +0.02   +0.02   -0.06   -0.01   -0.03   -0.04   +0.02   +0.01   +0.02   +0.04
       med   |  630.479 |  630.993 |  632.406 |  630.699 |  632.483 |  630.792 |  631.777 |  630.936 |  631.102 |  629.960 |  630.478 |  630.447
=== process order4.4
SELFCHECK OK (256 whole-block lengths 1..256 blk x 12 variants; out/Xi/ivec/ret byte-identical)
bytes  blks  |     base |       t8 |   baseAB |       t2 |     cw4t |       t6 |     dsp0 |       t4 |   baseAA |       t7 |       t3 |       t5 ||      t8%  baseAB%      t2%    cw4t%      t6%    dsp0%      t4%  baseAA%      t7%      t3%      t5%
16     1     |   25.398 |   12.338 |   25.380 |   12.322 |   12.548 |   12.336 |   25.450 |   12.334 |   25.386 |   12.334 |   12.307 |   12.308 ||  -51.42   -0.07  -51.48  -50.60  -51.43   +0.20  -51.44   -0.05  -51.44  -51.54  -51.54
       med   |   25.706 |   12.346 |   25.511 |   12.330 |   12.552 |   12.346 |   25.815 |   12.387 |   25.610 |   12.343 |   12.370 |   12.320
32     2     |   23.421 |   13.366 |   23.407 |   13.391 |   13.348 |   13.335 |   23.371 |   13.418 |   23.395 |   13.388 |   13.413 |   13.420 ||  -42.93   -0.06  -42.82  -43.01  -43.06   -0.21  -42.71   -0.11  -42.84  -42.73  -42.70
       med   |   23.822 |   13.385 |   23.445 |   13.405 |   13.425 |   13.386 |   23.602 |   13.444 |   23.492 |   13.426 |   13.424 |   13.427
48     3     |   24.267 |   13.677 |   24.246 |   24.205 |   14.116 |   13.709 |   24.219 |   13.711 |   24.247 |   13.701 |   13.698 |   13.727 ||  -43.64   -0.08   -0.25  -41.83  -43.51   -0.20  -43.50   -0.08  -43.54  -43.55  -43.43
       med   |   24.562 |   13.732 |   24.288 |   24.248 |   14.126 |   13.770 |   24.455 |   13.762 |   24.471 |   13.710 |   13.740 |   13.774
64     4     |   25.150 |   14.870 |   25.103 |   25.116 |   15.521 |   14.836 |   25.118 |   14.847 |   25.101 |   14.870 |   25.110 |   14.853 ||  -40.88   -0.19   -0.13  -38.29  -41.01   -0.13  -40.97   -0.20  -40.87   -0.16  -40.94
       med   |   25.714 |   14.883 |   25.169 |   25.152 |   15.545 |   14.851 |   25.354 |   14.859 |   25.351 |   14.884 |   25.151 |   14.864
80     5     |   25.991 |   16.647 |   25.991 |   25.996 |   19.491 |   16.713 |   26.004 |   26.003 |   25.988 |   16.646 |   25.987 |   16.580 ||  -35.95   -0.00   +0.02  -25.01  -35.70   +0.05   +0.05   -0.01  -35.95   -0.02  -36.21
       med   |   26.520 |   16.794 |   26.018 |   26.225 |   19.517 |   16.727 |   26.288 |   26.880 |   26.277 |   16.669 |   26.250 |   16.827
96     6     |   26.945 |   18.795 |   26.870 |   26.926 |   22.054 |   18.782 |   26.921 |   26.946 |   26.901 |   18.790 |   26.883 |   26.922 ||  -30.25   -0.28   -0.07  -18.15  -30.30   -0.09   +0.00   -0.16  -30.26   -0.23   -0.08
       med   |   27.372 |   19.048 |   26.978 |   26.972 |   22.527 |   19.369 |   27.042 |   27.694 |   27.009 |   18.815 |   27.073 |   26.963
112    7     |   27.466 |   20.846 |   27.441 |   27.515 |   24.774 |   27.522 |   27.502 |   27.525 |   27.432 |   20.825 |   27.490 |   27.516 ||  -24.10   -0.09   +0.18   -9.80   +0.20   +0.13   +0.21   -0.12  -24.18   +0.09   +0.18
       med   |   27.906 |   20.862 |   27.921 |   27.547 |   24.802 |   27.930 |   27.725 |   28.021 |   27.569 |   20.845 |   27.675 |   27.545
128    8     |   25.390 |   22.725 |   25.539 |   25.588 |   25.572 |   25.601 |   25.545 |   25.594 |   25.585 |   25.586 |   25.570 |   25.588 ||  -10.50   +0.59   +0.78   +0.72   +0.83   +0.61   +0.80   +0.77   +0.77   +0.71   +0.78
       med   |   26.317 |   22.953 |   25.747 |   25.613 |   25.623 |   26.147 |   25.996 |   25.951 |   25.918 |   25.614 |   25.622 |   25.613
256    16    |   45.507 |   45.358 |   45.410 |   45.354 |   45.323 |   45.452 |   45.374 |   45.401 |   45.345 |   45.343 |   45.360 |   45.329 ||   -0.33   -0.21   -0.34   -0.40   -0.12   -0.29   -0.23   -0.36   -0.36   -0.32   -0.39
       med   |   46.555 |   45.473 |   46.170 |   46.060 |   46.057 |   46.153 |   46.059 |   46.323 |   45.701 |   46.457 |   45.740 |   45.876
512    32    |   84.518 |   84.399 |   84.459 |   84.406 |   84.433 |   84.391 |   84.487 |   84.381 |   83.671 |   84.433 |   84.432 |   84.377 ||   -0.14   -0.07   -0.13   -0.10   -0.15   -0.04   -0.16   -1.00   -0.10   -0.10   -0.17
       med   |   85.291 |   85.069 |   84.705 |   85.623 |   85.630 |   85.758 |   84.740 |   85.427 |   85.349 |   85.953 |   84.746 |   85.370
1024   64    |  162.043 |  161.911 |  161.993 |  161.903 |  161.645 |  161.833 |  161.907 |  161.839 |  161.904 |  161.439 |  162.011 |  161.893 ||   -0.08   -0.03   -0.09   -0.25   -0.13   -0.08   -0.13   -0.09   -0.37   -0.02   -0.09
       med   |  163.366 |  163.115 |  163.050 |  164.585 |  163.320 |  163.963 |  163.203 |  163.096 |  163.064 |  163.113 |  162.978 |  162.864
4096   256   |  628.879 |  628.759 |  628.788 |  628.702 |  628.715 |  628.702 |  628.482 |  628.722 |  628.197 |  628.641 |  628.712 |  628.660 ||   -0.02   -0.01   -0.03   -0.03   -0.03   -0.06   -0.02   -0.11   -0.04   -0.03   -0.03
       med   |  630.301 |  630.732 |  632.223 |  632.185 |  630.365 |  631.077 |  631.264 |  630.548 |  631.271 |  629.979 |  630.229 |  630.510
=== process order4.5
SELFCHECK OK (256 whole-block lengths 1..256 blk x 12 variants; out/Xi/ivec/ret byte-identical)
bytes  blks  |     base |       t8 |   baseAB |       t2 |     cw4t |       t6 |     dsp0 |       t4 |   baseAA |       t7 |       t3 |       t5 ||      t8%  baseAB%      t2%    cw4t%      t6%    dsp0%      t4%  baseAA%      t7%      t3%      t5%
16     1     |   25.324 |   12.334 |   25.374 |   12.323 |   12.548 |   12.335 |   25.464 |   12.338 |   25.032 |   12.334 |   12.309 |   12.312 ||  -51.30   +0.20  -51.34  -50.45  -51.29   +0.55  -51.28   -1.15  -51.30  -51.40  -51.38
       med   |   25.670 |   12.346 |   25.560 |   12.332 |   12.551 |   12.346 |   25.851 |   12.388 |   25.619 |   12.344 |   12.370 |   12.331
32     2     |   23.415 |   13.364 |   23.380 |   13.392 |   13.345 |   13.370 |   23.370 |   13.417 |   23.353 |   13.377 |   13.412 |   13.405 ||  -42.93   -0.15  -42.81  -43.01  -42.90   -0.19  -42.70   -0.27  -42.87  -42.72  -42.75
       med   |   23.666 |   13.385 |   23.441 |   13.404 |   13.426 |   13.386 |   23.572 |   13.445 |   23.583 |   13.408 |   13.423 |   13.427
48     3     |   24.267 |   13.679 |   24.248 |   24.191 |   14.112 |   13.728 |   24.227 |   13.756 |   24.251 |   13.703 |   13.732 |   13.727 ||  -43.63   -0.08   -0.31  -41.85  -43.43   -0.17  -43.32   -0.07  -43.53  -43.41  -43.43
       med   |   24.526 |   13.729 |   24.293 |   24.248 |   14.124 |   13.770 |   24.512 |   13.762 |   24.472 |   13.710 |   13.740 |   13.773
64     4     |   25.117 |   14.870 |   25.101 |   25.120 |   15.526 |   14.840 |   25.126 |   14.846 |   25.139 |   14.868 |   25.106 |   14.851 ||  -40.80   -0.06   +0.01  -38.18  -40.92   +0.03  -40.89   +0.09  -40.81   -0.04  -40.87
       med   |   25.685 |   14.880 |   25.171 |   25.155 |   15.543 |   14.849 |   25.332 |   14.860 |   25.285 |   14.882 |   25.151 |   14.865
80     5     |   25.990 |   16.645 |   25.985 |   25.996 |   19.494 |   16.705 |   25.988 |   26.113 |   25.994 |   16.654 |   25.990 |   16.583 ||  -35.95   -0.02   +0.02  -25.00  -35.72   -0.01   +0.47   +0.01  -35.92   +0.00  -36.19
       med   |   26.512 |   16.805 |   26.017 |   26.429 |   19.519 |   16.727 |   26.103 |   26.854 |   26.247 |   16.672 |   26.351 |   16.826
96     6     |   26.918 |   18.802 |   26.887 |   26.907 |   22.041 |   18.717 |   26.897 |   26.932 |   26.898 |   18.787 |   26.916 |   26.917 ||  -30.15   -0.12   -0.04  -18.12  -30.47   -0.08   +0.05   -0.08  -30.21   -0.01   -0.01
       med   |   27.249 |   19.188 |   27.103 |   27.184 |   22.525 |   19.370 |   27.035 |   27.607 |   27.110 |   19.145 |   27.191 |   26.958
112    7     |   27.455 |   20.842 |   27.435 |   27.515 |   24.769 |   27.512 |   27.431 |   27.527 |   27.434 |   20.823 |   27.489 |   27.516 ||  -24.09   -0.07   +0.22   -9.78   +0.21   -0.09   +0.26   -0.08  -24.16   +0.12   +0.22
       med   |   27.857 |   20.860 |   27.597 |   27.545 |   24.800 |   27.786 |   27.719 |   28.307 |   27.704 |   20.848 |   27.759 |   27.549
128    8     |   25.380 |   22.913 |   25.554 |   25.591 |   25.562 |   25.594 |   25.449 |   25.603 |   25.586 |   25.590 |   25.582 |   25.587 ||   -9.72   +0.68   +0.83   +0.71   +0.84   +0.27   +0.88   +0.81   +0.83   +0.80   +0.81
       med   |   26.013 |   22.951 |   25.602 |   25.612 |   25.625 |   26.137 |   25.986 |   26.191 |   25.848 |   25.615 |   25.624 |   25.613
256    16    |   45.506 |   45.356 |   45.438 |   45.309 |   45.319 |   45.347 |   45.412 |   45.533 |   45.347 |   45.357 |   45.368 |   45.344 ||   -0.33   -0.15   -0.43   -0.41   -0.35   -0.21   +0.06   -0.35   -0.33   -0.30   -0.35
       med   |   46.506 |   45.485 |   46.186 |   45.889 |   46.061 |   45.934 |   46.198 |   46.288 |   45.682 |   46.011 |   45.731 |   45.702
512    32    |   84.491 |   84.399 |   84.386 |   84.401 |   84.151 |   84.355 |   84.265 |   84.402 |   84.003 |   84.405 |   84.427 |   83.980 ||   -0.11   -0.12   -0.11   -0.40   -0.16   -0.27   -0.11   -0.58   -0.10   -0.08   -0.61
       med   |   85.200 |   85.359 |   84.742 |   85.740 |   85.098 |   85.696 |   85.098 |   85.589 |   85.273 |   86.000 |   85.329 |   85.301
1024   64    |  162.167 |  161.998 |  161.806 |  161.895 |  162.082 |  161.924 |  161.919 |  161.719 |  161.901 |  161.921 |  161.541 |  161.846 ||   -0.10   -0.22   -0.17   -0.05   -0.15   -0.15   -0.28   -0.16   -0.15   -0.39   -0.20
       med   |  163.756 |  164.411 |  162.700 |  163.149 |  163.399 |  163.802 |  163.349 |  163.165 |  165.417 |  164.382 |  162.964 |  163.093
4096   256   |  629.108 |  628.789 |  628.742 |  628.722 |  628.374 |  628.453 |  628.747 |  628.566 |  628.758 |  628.542 |  628.765 |  628.630 ||   -0.05   -0.06   -0.06   -0.12   -0.10   -0.06   -0.09   -0.06   -0.09   -0.05   -0.08
       med   |  630.432 |  631.395 |  632.973 |  630.527 |  630.726 |  630.457 |  632.969 |  630.323 |  633.362 |  630.226 |  631.120 |  630.599
=== process order5.1
SELFCHECK OK (256 whole-block lengths 1..256 blk x 12 variants; out/Xi/ivec/ret byte-identical)
bytes  blks  |     base |       t3 |       t7 |     dsp0 |   baseAA |       t4 |       t2 |       t8 |   baseAB |       t5 |     cw4t |       t6 ||      t3%      t7%    dsp0%  baseAA%      t4%      t2%      t8%  baseAB%      t5%    cw4t%      t6%
16     1     |   25.321 |   12.328 |   12.315 |   25.432 |   25.318 |   12.388 |   12.266 |   12.309 |   25.364 |   12.305 |   12.547 |   12.271 ||  -51.31  -51.36   +0.44   -0.01  -51.08  -51.56  -51.39   +0.17  -51.40  -50.45  -51.54
       med   |   25.725 |   12.368 |   12.346 |   25.659 |   25.741 |   12.396 |   12.332 |   12.347 |   25.690 |   12.318 |   12.552 |   12.347
32     2     |   23.393 |   13.393 |   13.394 |   23.362 |   23.359 |   13.403 |   13.359 |   13.378 |   23.363 |   13.390 |   13.351 |   13.322 ||  -42.75  -42.74   -0.13   -0.14  -42.70  -42.89  -42.81   -0.13  -42.76  -42.93  -43.05
       med   |   23.625 |   13.408 |   13.404 |   23.522 |   23.720 |   13.435 |   13.407 |   13.386 |   23.551 |   13.427 |   13.426 |   13.387
48     3     |   24.242 |   13.733 |   13.699 |   24.216 |   24.249 |   13.695 |   24.203 |   13.665 |   24.254 |   13.728 |   14.082 |   13.726 ||  -43.35  -43.49   -0.10   +0.03  -43.51   -0.16  -43.63   +0.05  -43.37  -41.91  -43.38
       med   |   24.483 |   13.762 |   13.711 |   24.342 |   25.032 |   13.702 |   24.248 |   13.692 |   24.467 |   13.773 |   14.124 |   13.769
64     4     |   25.118 |   25.102 |   14.868 |   25.124 |   25.111 |   14.863 |   25.127 |   14.867 |   25.157 |   14.856 |   15.529 |   14.838 ||   -0.06  -40.81   +0.02   -0.03  -40.83   +0.03  -40.81   +0.15  -40.86  -38.18  -40.93
       med   |   25.248 |   25.153 |   14.884 |   25.212 |   25.831 |   14.876 |   25.430 |   14.883 |   25.822 |   15.044 |   15.798 |   15.133
80     5     |   25.979 |   25.986 |   16.651 |   25.993 |   26.001 |   25.990 |   25.995 |   16.658 |   25.993 |   16.582 |   19.490 |   16.712 ||   +0.03  -35.91   +0.05   +0.09   +0.04   +0.06  -35.88   +0.06  -36.17  -24.98  -35.67
       med   |   26.257 |   26.103 |   16.672 |   26.112 |   26.788 |   26.223 |   26.125 |   17.212 |   26.543 |   16.599 |   19.517 |   16.730
96     6     |   26.883 |   26.913 |   18.789 |   26.951 |   26.848 |   26.889 |   26.918 |   18.795 |   26.873 |   26.920 |   22.033 |   18.710 ||   +0.11  -30.11   +0.25   -0.13   +0.02   +0.13  -30.09   -0.04   +0.14  -18.04  -30.40
       med   |   27.220 |   26.973 |   18.807 |   27.228 |   27.255 |   27.007 |   26.958 |   18.810 |   27.459 |   26.960 |   22.157 |   19.045
112    7     |   27.452 |   27.482 |   20.827 |   27.498 |   27.449 |   27.415 |   27.513 |   20.847 |   27.365 |   27.518 |   24.766 |   27.514 ||   +0.11  -24.13   +0.17   -0.01   -0.13   +0.22  -24.06   -0.31   +0.24   -9.78   +0.23
       med   |   27.744 |   27.519 |   20.845 |   27.727 |   28.000 |   27.536 |   27.570 |   21.206 |   27.954 |   27.582 |   24.807 |   27.548
128    8     |   25.370 |   25.571 |   25.595 |   25.574 |   25.369 |   25.548 |   25.585 |   22.936 |   25.562 |   25.591 |   25.398 |   25.582 ||   +0.79   +0.89   +0.80   -0.01   +0.70   +0.85   -9.59   +0.76   +0.87   +0.11   +0.84
       med   |   25.928 |   25.623 |   25.907 |   25.776 |   25.605 |   25.905 |   25.610 |   23.393 |   25.948 |   25.665 |   25.779 |   25.613
256    16    |   45.494 |   45.357 |   45.417 |   45.324 |   45.494 |   45.394 |   45.350 |   45.456 |   45.402 |   45.375 |   45.441 |   45.380 ||   -0.30   -0.17   -0.37   +0.00   -0.22   -0.32   -0.08   -0.20   -0.26   -0.12   -0.25
       med   |   46.426 |   45.485 |   46.134 |   46.084 |   46.032 |   46.317 |   45.611 |   46.008 |   46.897 |   46.632 |   45.662 |   45.810
512    32    |   84.590 |   84.387 |   84.432 |   84.481 |   84.400 |   84.512 |   84.396 |   84.438 |   83.862 |   84.371 |   84.428 |   84.471 ||   -0.24   -0.19   -0.13   -0.22   -0.09   -0.23   -0.18   -0.86   -0.26   -0.19   -0.14
       med   |   85.092 |   84.521 |   85.349 |   85.908 |   86.009 |   86.130 |   84.538 |   85.850 |   85.502 |   85.485 |   85.760 |   86.347
1024   64    |  161.889 |  162.028 |  162.050 |  162.018 |  162.047 |  161.690 |  161.862 |  162.004 |  161.909 |  161.868 |  162.042 |  162.010 ||   +0.09   +0.10   +0.08   +0.10   -0.12   -0.02   +0.07   +0.01   -0.01   +0.09   +0.07
       med   |  162.704 |  162.863 |  163.467 |  165.744 |  163.403 |  164.519 |  162.155 |  163.929 |  163.625 |  163.927 |  165.635 |  164.869
4096   256   |  628.841 |  628.711 |  628.831 |  628.744 |  628.282 |  628.646 |  628.751 |  628.635 |  628.657 |  628.665 |  628.750 |  628.810 ||   -0.02   -0.00   -0.02   -0.09   -0.03   -0.01   -0.03   -0.03   -0.03   -0.01   -0.00
       med   |  630.481 |  630.536 |  631.702 |  634.459 |  633.611 |  631.798 |  629.990 |  632.480 |  631.825 |  631.048 |  633.778 |  631.780
=== process order5.2
SELFCHECK OK (256 whole-block lengths 1..256 blk x 12 variants; out/Xi/ivec/ret byte-identical)
bytes  blks  |     base |       t3 |       t7 |     dsp0 |   baseAA |       t4 |       t2 |       t8 |   baseAB |       t5 |     cw4t |       t6 ||      t3%      t7%    dsp0%  baseAA%      t4%      t2%      t8%  baseAB%      t5%    cw4t%      t6%
16     1     |   25.313 |   12.359 |   12.316 |   25.392 |   25.299 |   12.388 |   12.264 |   12.337 |   25.347 |   12.309 |   12.548 |   12.236 ||  -51.18  -51.34   +0.31   -0.05  -51.06  -51.55  -51.26   +0.14  -51.37  -50.43  -51.66
       med   |   25.553 |   12.368 |   12.348 |   25.638 |   25.525 |   12.395 |   12.347 |   12.346 |   25.581 |   12.321 |   12.551 |   12.348
32     2     |   23.413 |   13.395 |   13.394 |   23.374 |   23.361 |   13.400 |   13.363 |   13.376 |   23.367 |   13.419 |   13.376 |   13.342 ||  -42.79  -42.79   -0.17   -0.22  -42.76  -42.93  -42.87   -0.20  -42.69  -42.87  -43.01
       med   |   23.643 |   13.408 |   13.404 |   23.549 |   23.636 |   13.435 |   13.402 |   13.386 |   23.650 |   13.427 |   13.426 |   13.386
48     3     |   24.256 |   13.729 |   13.694 |   24.205 |   24.255 |   13.695 |   24.206 |   13.664 |   24.248 |   13.725 |   14.084 |   13.726 ||  -43.40  -43.55   -0.21   -0.00  -43.54   -0.21  -43.67   -0.03  -43.42  -41.94  -43.41
       med   |   24.432 |   13.764 |   13.712 |   24.322 |   24.565 |   13.702 |   24.457 |   13.691 |   24.486 |   13.773 |   14.124 |   13.769
64     4     |   25.099 |   25.106 |   14.870 |   25.114 |   25.117 |   14.863 |   25.132 |   14.870 |   25.149 |   14.855 |   15.532 |   14.848 ||   +0.03  -40.75   +0.06   +0.07  -40.79   +0.13  -40.76   +0.20  -40.82  -38.12  -40.84
       med   |   25.225 |   25.237 |   14.883 |   25.221 |   25.704 |   14.881 |   25.559 |   14.882 |   25.815 |   14.868 |   15.796 |   15.124
80     5     |   25.983 |   25.995 |   16.653 |   26.001 |   25.997 |   25.994 |   25.993 |   16.655 |   25.989 |   16.580 |   19.494 |   16.715 ||   +0.05  -35.91   +0.07   +0.05   +0.04   +0.04  -35.90   +0.02  -36.19  -24.97  -35.67
       med   |   26.321 |   26.224 |   16.674 |   26.113 |   26.734 |   26.024 |   26.020 |   17.212 |   26.563 |   16.598 |   19.518 |   16.728
96     6     |   26.914 |   26.905 |   18.791 |   26.934 |   26.925 |   26.883 |   26.905 |   18.793 |   26.868 |   26.924 |   22.031 |   18.708 ||   -0.03  -30.18   +0.08   +0.04   -0.11   -0.03  -30.17   -0.17   +0.04  -18.14  -30.49
       med   |   26.969 |   26.973 |   18.810 |   27.039 |   27.598 |   26.975 |   26.961 |   18.810 |   27.444 |   26.959 |   22.166 |   18.802
112    7     |   27.455 |   27.469 |   20.827 |   27.491 |   27.457 |   27.400 |   27.512 |   20.843 |   27.361 |   27.520 |   24.775 |   27.497 ||   +0.05  -24.14   +0.13   +0.01   -0.20   +0.21  -24.08   -0.34   +0.24   -9.76   +0.15
       med   |   27.589 |   27.520 |   21.604 |   27.586 |   28.186 |   27.756 |   27.548 |   21.088 |   27.484 |   27.554 |   24.836 |   27.551
128    8     |   25.370 |   25.581 |   25.573 |   25.606 |   25.384 |   25.601 |   25.589 |   22.932 |   25.574 |   25.592 |   25.401 |   25.588 ||   +0.83   +0.80   +0.93   +0.05   +0.91   +0.86   -9.61   +0.81   +0.88   +0.12   +0.86
       med   |   25.735 |   25.622 |   25.618 |   25.778 |   25.987 |   25.629 |   25.613 |   23.315 |   25.606 |   25.681 |   25.632 |   25.613
256    16    |   45.412 |   45.354 |   45.426 |   45.310 |   45.480 |   45.449 |   45.342 |   45.425 |   45.431 |   45.510 |   45.408 |   45.345 ||   -0.13   +0.03   -0.22   +0.15   +0.08   -0.15   +0.03   +0.04   +0.22   -0.01   -0.15
       med   |   45.938 |   45.527 |   46.233 |   45.986 |   46.073 |   46.206 |   45.609 |   45.789 |   46.745 |   46.941 |   45.723 |   45.978
512    32    |   84.483 |   84.421 |   84.458 |   84.453 |   84.473 |   84.444 |   84.455 |   84.482 |   84.358 |   84.410 |   84.437 |   84.417 ||   -0.07   -0.03   -0.03   -0.01   -0.05   -0.03   -0.00   -0.15   -0.09   -0.05   -0.08
       med   |   85.010 |   84.561 |   86.276 |   85.399 |   85.254 |   85.803 |   85.335 |   85.961 |   85.689 |   85.794 |   85.786 |   86.134
1024   64    |  162.151 |  161.940 |  161.861 |  162.036 |  162.021 |  161.521 |  161.768 |  161.962 |  161.917 |  161.726 |  161.852 |  161.889 ||   -0.13   -0.18   -0.07   -0.08   -0.39   -0.24   -0.12   -0.14   -0.26   -0.18   -0.16
       med   |  163.189 |  163.107 |  165.151 |  165.905 |  164.747 |  163.650 |  162.196 |  165.743 |  163.482 |  163.907 |  165.214 |  165.238
4096   256   |  628.995 |  628.697 |  628.552 |  628.602 |  628.755 |  628.288 |  628.789 |  628.662 |  628.653 |  628.867 |  628.729 |  628.616 ||   -0.05   -0.07   -0.06   -0.04   -0.11   -0.03   -0.05   -0.05   -0.02   -0.04   -0.06
       med   |  630.573 |  630.501 |  630.558 |  630.090 |  632.957 |  630.873 |  630.087 |  631.756 |  630.711 |  631.078 |  634.054 |  632.212
=== process order5.3
SELFCHECK OK (256 whole-block lengths 1..256 blk x 12 variants; out/Xi/ivec/ret byte-identical)
bytes  blks  |     base |       t3 |       t7 |     dsp0 |   baseAA |       t4 |       t2 |       t8 |   baseAB |       t5 |     cw4t |       t6 ||      t3%      t7%    dsp0%  baseAA%      t4%      t2%      t8%  baseAB%      t5%    cw4t%      t6%
16     1     |   25.334 |   12.322 |   12.333 |   25.424 |   25.318 |   12.387 |   12.323 |   12.339 |   25.365 |   12.306 |   12.547 |   12.329 ||  -51.36  -51.32   +0.35   -0.06  -51.11  -51.36  -51.29   +0.12  -51.42  -50.47  -51.34
       med   |   25.583 |   12.369 |   12.366 |   25.578 |   25.607 |   12.395 |   12.346 |   12.347 |   25.611 |   12.327 |   12.551 |   12.347
32     2     |   23.406 |   13.393 |   13.388 |   23.367 |   23.368 |   13.399 |   13.362 |   13.373 |   23.379 |   13.418 |   13.345 |   13.366 ||  -42.78  -42.80   -0.17   -0.16  -42.76  -42.91  -42.87   -0.11  -42.67  -42.99  -42.90
       med   |   23.761 |   13.418 |   13.404 |   23.505 |   23.862 |   13.434 |   13.392 |   13.387 |   23.573 |   13.427 |   13.426 |   13.386
48     3     |   24.269 |   13.734 |   13.704 |   24.210 |   24.246 |   13.696 |   24.209 |   13.666 |   24.232 |   13.725 |   14.113 |   13.724 ||  -43.41  -43.53   -0.24   -0.09  -43.57   -0.25  -43.69   -0.15  -43.45  -41.85  -43.45
       med   |   24.496 |   13.765 |   13.710 |   24.341 |   24.581 |   13.702 |   24.246 |   13.691 |   24.468 |   13.774 |   14.125 |   13.770
64     4     |   25.110 |   25.104 |   14.869 |   25.119 |   25.135 |   14.863 |   25.137 |   14.867 |   25.146 |   14.851 |   15.529 |   14.848 ||   -0.02  -40.78   +0.04   +0.10  -40.81   +0.11  -40.79   +0.14  -40.85  -38.15  -40.87
       med   |   25.249 |   25.160 |   14.883 |   25.211 |   25.848 |   14.878 |   25.560 |   14.885 |   25.826 |   14.870 |   15.797 |   15.005
80     5     |   25.978 |   25.990 |   16.651 |   25.995 |   26.016 |   25.997 |   25.987 |   16.655 |   25.993 |   16.572 |   19.493 |   16.708 ||   +0.05  -35.90   +0.07   +0.15   +0.07   +0.03  -35.89   +0.06  -36.21  -24.96  -35.68
       med   |   26.239 |   26.230 |   16.671 |   26.112 |   26.806 |   26.321 |   26.018 |   17.213 |   26.330 |   16.598 |   19.521 |   16.726
96     6     |   26.911 |   26.930 |   18.787 |   26.919 |   26.855 |   26.895 |   26.915 |   18.795 |   26.951 |   26.917 |   22.031 |   18.709 ||   +0.07  -30.19   +0.03   -0.21   -0.06   +0.02  -30.16   +0.15   +0.02  -18.13  -30.48
       med   |   27.299 |   26.976 |   18.808 |   27.022 |   27.646 |   27.086 |   26.958 |   18.810 |   27.440 |   26.961 |   22.158 |   18.814
112    7     |   27.466 |   27.482 |   20.822 |   27.492 |   27.463 |   27.401 |   27.514 |   20.850 |   27.360 |   27.519 |   24.767 |   27.512 ||   +0.06  -24.19   +0.09   -0.01   -0.24   +0.17  -24.09   -0.39   +0.19   -9.83   +0.17
       med   |   27.948 |   27.519 |   20.842 |   27.713 |   28.498 |   27.765 |   27.546 |   21.095 |   28.008 |   27.582 |   24.802 |   27.547
128    8     |   25.382 |   25.586 |   25.666 |   25.569 |   25.372 |   25.564 |   25.588 |   22.916 |   25.579 |   25.588 |   25.604 |   25.588 ||   +0.80   +1.12   +0.74   -0.04   +0.72   +0.81   -9.72   +0.78   +0.81   +0.88   +0.81
       med   |   25.997 |   25.623 |   25.866 |   25.782 |   25.804 |   25.788 |   25.610 |   22.993 |   25.613 |   25.723 |   25.782 |   25.616
256    16    |   45.482 |   45.353 |   45.477 |   45.314 |   45.444 |   45.469 |   45.348 |   45.464 |   45.477 |   45.595 |   45.408 |   45.374 ||   -0.28   -0.01   -0.37   -0.08   -0.03   -0.30   -0.04   -0.01   +0.25   -0.16   -0.24
       med   |   46.229 |   45.434 |   46.212 |   45.657 |   45.966 |   46.520 |   45.871 |   45.947 |   46.945 |   46.953 |   45.607 |   46.089
512    32    |   84.381 |   84.374 |   84.403 |   84.459 |   84.401 |   84.209 |   84.370 |   84.447 |   84.376 |   84.423 |   84.411 |   84.356 ||   -0.01   +0.03   +0.09   +0.02   -0.20   -0.01   +0.08   -0.01   +0.05   +0.04   -0.03
       med   |   85.041 |   84.529 |   85.480 |   85.905 |   85.675 |   86.323 |   84.544 |   85.385 |   85.784 |   85.917 |   85.845 |   86.246
1024   64    |  161.914 |  161.998 |  161.929 |  161.929 |  161.969 |  161.135 |  161.947 |  162.120 |  162.000 |  161.938 |  161.994 |  161.488 ||   +0.05   +0.01   +0.01   +0.03   -0.48   +0.02   +0.13   +0.05   +0.01   +0.05   -0.26
       med   |  163.486 |  162.810 |  164.893 |  164.859 |  165.856 |  164.808 |  162.127 |  163.551 |  163.868 |  164.054 |  164.565 |  165.148
4096   256   |  628.636 |  628.617 |  628.824 |  628.752 |  628.552 |  628.203 |  628.733 |  628.720 |  628.776 |  628.649 |  628.709 |  628.855 ||   -0.00   +0.03   +0.02   -0.01   -0.07   +0.02   +0.01   +0.02   +0.00   +0.01   +0.03
       med   |  630.205 |  630.182 |  631.707 |  632.422 |  635.060 |  630.731 |  630.011 |  632.144 |  632.921 |  631.264 |  634.093 |  632.208
=== process order5.4
SELFCHECK OK (256 whole-block lengths 1..256 blk x 12 variants; out/Xi/ivec/ret byte-identical)
bytes  blks  |     base |       t3 |       t7 |     dsp0 |   baseAA |       t4 |       t2 |       t8 |   baseAB |       t5 |     cw4t |       t6 ||      t3%      t7%    dsp0%  baseAA%      t4%      t2%      t8%  baseAB%      t5%    cw4t%      t6%
16     1     |   25.358 |   12.341 |   12.335 |   25.433 |   25.388 |   12.387 |   12.268 |   12.339 |   24.216 |   12.307 |   12.548 |   12.327 ||  -51.33  -51.35   +0.30   +0.12  -51.15  -51.62  -51.34   -4.50  -51.47  -50.52  -51.39
       med   |   25.719 |   12.369 |   12.367 |   25.659 |   25.705 |   12.395 |   12.346 |   12.347 |   25.648 |   12.333 |   12.552 |   12.347
32     2     |   23.421 |   13.395 |   13.394 |   23.369 |   23.361 |   13.400 |   13.360 |   13.377 |   23.364 |   13.383 |   13.354 |   13.371 ||  -42.81  -42.81   -0.22   -0.26  -42.79  -42.96  -42.88   -0.24  -42.86  -42.99  -42.91
       med   |   23.762 |   13.407 |   13.404 |   23.501 |   23.977 |   13.434 |   13.403 |   13.386 |   23.639 |   13.427 |   13.426 |   13.386
48     3     |   24.239 |   13.733 |   13.702 |   24.214 |   24.253 |   13.695 |   24.208 |   13.665 |   24.226 |   13.726 |   14.087 |   13.724 ||  -43.34  -43.47   -0.10   +0.06  -43.50   -0.13  -43.62   -0.06  -43.37  -41.88  -43.38
       med   |   24.511 |   13.764 |   13.710 |   24.342 |   25.058 |   13.701 |   24.246 |   13.693 |   24.292 |   13.773 |   14.125 |   13.769
64     4     |   25.108 |   25.107 |   14.872 |   25.126 |   25.117 |   14.861 |   25.109 |   14.869 |   25.126 |   14.854 |   15.529 |   14.848 ||   -0.01  -40.77   +0.07   +0.04  -40.81   +0.00  -40.78   +0.07  -40.84  -38.15  -40.86
       med   |   25.327 |   25.175 |   14.883 |   25.228 |   25.403 |   14.876 |   25.356 |   14.885 |   25.413 |   15.048 |   15.798 |   15.131
80     5     |   25.993 |   25.987 |   16.649 |   25.997 |   26.006 |   25.994 |   25.995 |   16.652 |   25.995 |   16.574 |   19.491 |   16.715 ||   -0.02  -35.95   +0.01   +0.05   +0.00   +0.01  -35.94   +0.01  -36.24  -25.01  -35.70
       med   |   26.379 |   26.125 |   16.671 |   26.112 |   26.822 |   26.301 |   26.235 |   17.213 |   26.290 |   16.597 |   19.517 |   16.727
96     6     |   26.948 |   26.945 |   18.788 |   26.943 |   26.926 |   26.879 |   26.934 |   18.794 |   26.898 |   26.920 |   22.031 |   18.702 ||   -0.01  -30.28   -0.02   -0.08   -0.26   -0.05  -30.26   -0.18   -0.10  -18.25  -30.60
       med   |   27.256 |   26.975 |   18.808 |   27.039 |   27.222 |   27.089 |   27.207 |   18.810 |   27.422 |   26.961 |   22.155 |   18.788
112    7     |   27.460 |   27.486 |   20.827 |   27.499 |   27.474 |   27.405 |   27.511 |   20.848 |   27.367 |   27.410 |   24.773 |   27.494 ||   +0.09  -24.15   +0.14   +0.05   -0.20   +0.19  -24.08   -0.34   -0.18   -9.79   +0.13
       med   |   27.634 |   27.519 |   20.846 |   27.593 |   28.447 |   27.759 |   27.546 |   21.091 |   27.829 |   27.591 |   24.809 |   27.546
128    8     |   25.374 |   25.585 |   25.589 |   25.568 |   25.381 |   25.557 |   25.591 |   22.941 |   25.566 |   25.583 |   25.555 |   25.589 ||   +0.83   +0.85   +0.77   +0.03   +0.72   +0.86   -9.59   +0.76   +0.83   +0.71   +0.85
       med   |   25.772 |   25.623 |   25.788 |   25.777 |   25.969 |   25.791 |   25.611 |   23.523 |   25.706 |   25.616 |   25.640 |   25.613
256    16    |   45.505 |   45.353 |   45.446 |   45.320 |   45.512 |   45.459 |   45.346 |   45.458 |   45.435 |   45.381 |   45.454 |   45.384 ||   -0.33   -0.13   -0.41   +0.02   -0.10   -0.35   -0.10   -0.15   -0.27   -0.11   -0.27
       med   |   46.254 |   45.426 |   46.423 |   46.057 |   46.055 |   46.461 |   45.693 |   45.731 |   46.942 |   46.936 |   45.638 |   46.103
512    32    |   84.478 |   84.440 |   84.414 |   84.459 |   83.518 |   84.429 |   84.389 |   84.443 |   84.381 |   84.525 |   84.403 |   84.418 ||   -0.04   -0.08   -0.02   -1.14   -0.06   -0.10   -0.04   -0.11   +0.06   -0.09   -0.07
       med   |   85.012 |   84.887 |   85.483 |   85.766 |   85.708 |   86.009 |   85.088 |   85.991 |   85.445 |   85.828 |   85.732 |   85.471
1024   64    |  162.088 |  161.995 |  161.984 |  161.980 |  161.953 |  161.811 |  161.973 |  162.038 |  161.960 |  161.888 |  162.009 |  161.883 ||   -0.06   -0.06   -0.07   -0.08   -0.17   -0.07   -0.03   -0.08   -0.12   -0.05   -0.13
       med   |  162.990 |  162.931 |  164.750 |  162.455 |  165.543 |  163.577 |  162.150 |  164.494 |  164.228 |  164.152 |  165.458 |  163.773
4096   256   |  628.956 |  628.539 |  628.985 |  628.662 |  628.609 |  628.408 |  628.480 |  628.702 |  628.815 |  628.799 |  628.716 |  628.600 ||   -0.07   +0.00   -0.05   -0.06   -0.09   -0.08   -0.04   -0.02   -0.02   -0.04   -0.06
       med   |  630.533 |  629.972 |  632.002 |  632.324 |  633.418 |  631.068 |  629.981 |  631.963 |  632.716 |  631.780 |  635.005 |  633.859
=== process order5.5
SELFCHECK OK (256 whole-block lengths 1..256 blk x 12 variants; out/Xi/ivec/ret byte-identical)
bytes  blks  |     base |       t3 |       t7 |     dsp0 |   baseAA |       t4 |       t2 |       t8 |   baseAB |       t5 |     cw4t |       t6 ||      t3%      t7%    dsp0%  baseAA%      t4%      t2%      t8%  baseAB%      t5%    cw4t%      t6%
16     1     |   25.352 |   12.341 |   12.334 |   25.423 |   24.594 |   12.341 |   12.321 |   12.331 |   25.376 |   12.308 |   12.547 |   12.328 ||  -51.32  -51.35   +0.28   -2.99  -51.32  -51.40  -51.36   +0.10  -51.45  -50.51  -51.37
       med   |   25.639 |   12.369 |   12.345 |   25.570 |   25.637 |   12.396 |   12.346 |   12.346 |   25.608 |   12.335 |   12.551 |   12.346
32     2     |   23.414 |   13.391 |   13.395 |   23.375 |   23.365 |   13.414 |   13.353 |   13.374 |   23.366 |   13.379 |   13.347 |   13.368 ||  -42.81  -42.79   -0.17   -0.21  -42.71  -42.97  -42.88   -0.21  -42.86  -43.00  -42.91
       med   |   23.739 |   13.405 |   13.404 |   23.519 |   23.855 |   13.435 |   13.395 |   13.386 |   23.660 |   13.427 |   13.426 |   13.386
48     3     |   24.255 |   13.732 |   13.700 |   24.216 |   24.237 |   13.695 |   24.200 |   13.668 |   24.251 |   13.726 |   14.114 |   13.713 ||  -43.38  -43.52   -0.16   -0.08  -43.54   -0.23  -43.65   -0.02  -43.41  -41.81  -43.46
       med   |   24.498 |   13.764 |   13.711 |   24.340 |   25.066 |   13.702 |   24.434 |   13.694 |   24.476 |   13.775 |   14.125 |   13.769
64     4     |   25.119 |   25.107 |   14.871 |   25.113 |   25.149 |   14.861 |   25.139 |   14.868 |   25.109 |   14.860 |   15.522 |   14.842 ||   -0.05  -40.80   -0.02   +0.12  -40.84   +0.08  -40.81   -0.04  -40.84  -38.20  -40.91
       med   |   25.208 |   25.150 |   14.884 |   25.222 |   25.879 |   14.876 |   25.559 |   14.882 |   25.439 |   15.050 |   15.719 |   15.112
80     5     |   25.997 |   25.997 |   16.652 |   25.980 |   26.003 |   25.997 |   25.986 |   16.648 |   25.997 |   16.579 |   19.488 |   16.709 ||   -0.00  -35.95   -0.06   +0.02   +0.00   -0.04  -35.96   +0.00  -36.23  -25.04  -35.73
       med   |   26.334 |   26.142 |   16.672 |   26.111 |   26.815 |   26.284 |   26.018 |   17.133 |   26.559 |   16.599 |   19.520 |   16.728
96     6     |   26.919 |   26.927 |   18.790 |   26.946 |   26.842 |   26.873 |   26.928 |   18.792 |   26.875 |   26.924 |   22.033 |   18.704 ||   +0.03  -30.20   +0.10   -0.28   -0.17   +0.03  -30.19   -0.16   +0.02  -18.15  -30.52
       med   |   27.147 |   26.972 |   18.809 |   27.039 |   27.343 |   26.977 |   26.958 |   18.810 |   27.433 |   26.958 |   22.068 |   18.732
112    7     |   27.454 |   27.478 |   20.825 |   27.498 |   27.463 |   27.500 |   27.514 |   20.846 |   27.358 |   27.514 |   24.774 |   27.507 ||   +0.08  -24.15   +0.16   +0.03   +0.17   +0.22  -24.07   -0.35   +0.22   -9.76   +0.19
       med   |   27.906 |   27.518 |   20.843 |   27.593 |   28.015 |   27.771 |   27.555 |   21.082 |   27.721 |   27.578 |   24.912 |   27.543
128    8     |   25.386 |   25.570 |   25.593 |   25.607 |   25.377 |   25.451 |   25.579 |   22.728 |   25.532 |   25.579 |   25.605 |   25.587 ||   +0.72   +0.81   +0.87   -0.04   +0.25   +0.76  -10.47   +0.57   +0.76   +0.86   +0.79
       med   |   25.906 |   25.623 |   25.862 |   25.774 |   25.908 |   25.690 |   25.611 |   23.327 |   25.609 |   25.616 |   25.772 |   25.614
256    16    |   45.483 |   45.364 |   45.469 |   45.320 |   45.470 |   45.437 |   45.324 |   45.438 |   45.495 |   45.369 |   45.452 |   45.446 ||   -0.26   -0.03   -0.36   -0.03   -0.10   -0.35   -0.10   +0.03   -0.25   -0.07   -0.08
       med   |   46.439 |   45.422 |   46.216 |   46.008 |   45.842 |   46.136 |   45.605 |   46.049 |   46.844 |   46.207 |   45.663 |   46.012
512    32    |   84.586 |   84.471 |   84.434 |   84.421 |   84.448 |   84.459 |   84.397 |   84.441 |   84.414 |   84.447 |   84.409 |   84.469 ||   -0.14   -0.18   -0.20   -0.16   -0.15   -0.22   -0.17   -0.20   -0.16   -0.21   -0.14
       med   |   85.211 |   84.617 |   86.010 |   84.621 |   85.476 |   85.852 |   85.123 |   86.385 |   85.389 |   85.780 |   85.407 |   86.295
1024   64    |  162.143 |  161.905 |  161.944 |  161.879 |  162.050 |  161.704 |  161.855 |  161.981 |  161.904 |  161.681 |  162.011 |  161.927 ||   -0.15   -0.12   -0.16   -0.06   -0.27   -0.18   -0.10   -0.15   -0.28   -0.08   -0.13
       med   |  163.361 |  163.008 |  165.076 |  164.457 |  164.161 |  163.895 |  162.581 |  165.744 |  163.282 |  163.432 |  165.388 |  163.600
4096   256   |  628.990 |  628.596 |  628.900 |  628.114 |  628.731 |  628.474 |  628.278 |  628.655 |  628.699 |  628.503 |  628.724 |  628.900 ||   -0.06   -0.01   -0.14   -0.04   -0.08   -0.11   -0.05   -0.05   -0.08   -0.04   -0.01
       med   |  631.091 |  630.375 |  633.287 |  632.990 |  632.479 |  631.163 |  630.141 |  633.111 |  631.797 |  630.864 |  634.415 |  633.102
=== process order6.1
SELFCHECK OK (256 whole-block lengths 1..256 blk x 12 variants; out/Xi/ivec/ret byte-identical)
bytes  blks  |     base |       t6 |       t2 |       t5 |       t8 |   baseAA |     dsp0 |     cw4t |   baseAB |       t4 |       t7 |       t3 ||      t6%      t2%      t5%      t8%  baseAA%    dsp0%    cw4t%  baseAB%      t4%      t7%      t3%
16     1     |   25.333 |   12.312 |   12.320 |   12.345 |   12.319 |   25.292 |   25.125 |   12.566 |   25.362 |   12.336 |   12.375 |   12.298 ||  -51.40  -51.37  -51.27  -51.37   -0.16   -0.82  -50.40   +0.11  -51.31  -51.15  -51.45
       med   |   25.649 |   12.326 |   12.331 |   12.352 |   12.327 |   25.517 |   25.638 |   12.571 |   25.707 |   12.388 |   12.383 |   12.355
32     2     |   23.408 |   13.331 |   13.365 |   13.328 |   13.330 |   23.395 |   23.357 |   13.263 |   23.391 |   13.415 |   13.361 |   13.392 ||  -43.05  -42.90  -43.06  -43.05   -0.06   -0.22  -43.34   -0.07  -42.69  -42.92  -42.79
       med   |   23.517 |   13.342 |   13.404 |   13.356 |   13.342 |   23.517 |   23.468 |   13.462 |   23.875 |   13.446 |   13.386 |   13.437
48     3     |   24.255 |   13.726 |   24.207 |   13.722 |   13.678 |   24.237 |   24.205 |   14.124 |   24.246 |   13.746 |   13.693 |   13.716 ||  -43.41   -0.19  -43.42  -43.61   -0.07   -0.21  -41.77   -0.03  -43.33  -43.55  -43.45
       med   |   24.498 |   13.774 |   24.248 |   13.773 |   13.687 |   24.388 |   24.281 |   14.163 |   24.972 |   13.762 |   13.704 |   13.762
64     4     |   25.126 |   14.854 |   25.112 |   14.833 |   14.869 |   25.119 |   25.105 |   15.528 |   25.153 |   14.847 |   14.873 |   25.112 ||  -40.88   -0.06  -40.97  -40.82   -0.02   -0.08  -38.20   +0.11  -40.91  -40.81   -0.06
       med   |   25.332 |   14.864 |   25.153 |   14.843 |   14.880 |   25.172 |   25.366 |   15.545 |   25.936 |   14.896 |   14.885 |   25.152
80     5     |   25.992 |   16.745 |   25.996 |   16.580 |   16.632 |   25.987 |   25.993 |   19.489 |   25.994 |   25.986 |   16.642 |   25.996 ||  -35.58   +0.01  -36.21  -36.01   -0.02   +0.00  -25.02   +0.01   -0.02  -35.97   +0.01
       med   |   26.114 |   16.764 |   26.021 |   16.598 |   16.658 |   26.013 |   26.327 |   19.555 |   26.609 |   26.024 |   16.830 |   26.030
96     6     |   26.893 |   18.766 |   26.925 |   26.917 |   18.790 |   26.917 |   26.880 |   22.046 |   26.913 |   26.918 |   18.785 |   26.919 ||  -30.22   +0.12   +0.09  -30.13   +0.09   -0.05  -18.02   +0.07   +0.09  -30.15   +0.10
       med   |   26.988 |   18.804 |   27.234 |   26.979 |   19.060 |   26.966 |   27.242 |   22.146 |   27.410 |   26.959 |   18.990 |   27.176
112    7     |   27.462 |   27.484 |   27.513 |   27.480 |   20.850 |   27.455 |   27.399 |   24.782 |   27.362 |   27.521 |   20.826 |   27.521 ||   +0.08   +0.19   +0.07  -24.07   -0.03   -0.23   -9.76   -0.36   +0.21  -24.16   +0.22
       med   |   27.769 |   27.519 |   27.546 |   27.585 |   20.867 |   27.490 |   27.523 |   24.922 |   27.823 |   27.687 |   20.844 |   27.747
128    8     |   25.376 |   25.580 |   25.564 |   25.568 |   22.944 |   25.513 |   25.599 |   25.604 |   25.562 |   25.584 |   25.583 |   25.585 ||   +0.80   +0.74   +0.76   -9.58   +0.54   +0.88   +0.90   +0.73   +0.82   +0.82   +0.82
       med   |   25.847 |   25.623 |   25.612 |   25.711 |   23.838 |   25.545 |   25.626 |   26.220 |   26.041 |   25.773 |   25.826 |   25.613
256    16    |   45.481 |   45.354 |   45.362 |   45.440 |   45.327 |   45.413 |   45.359 |   45.357 |   45.324 |   45.370 |   45.527 |   45.365 ||   -0.28   -0.26   -0.09   -0.34   -0.15   -0.27   -0.27   -0.34   -0.24   +0.10   -0.26
       med   |   46.320 |   45.452 |   45.814 |   45.598 |   45.939 |   46.304 |   46.096 |   46.326 |   46.176 |   46.164 |   46.585 |   45.909
512    32    |   84.420 |   84.428 |   84.419 |   84.425 |   84.388 |   84.386 |   84.405 |   84.403 |   84.397 |   84.403 |   84.262 |   84.486 ||   +0.01   -0.00   +0.01   -0.04   -0.04   -0.02   -0.02   -0.03   -0.02   -0.19   +0.08
       med   |   85.011 |   84.750 |   85.687 |   85.594 |   84.714 |   85.749 |   85.318 |   85.395 |   84.711 |   85.682 |   84.971 |   85.890
1024   64    |  162.186 |  162.042 |  161.889 |  161.987 |  161.686 |  161.917 |  162.062 |  161.871 |  161.958 |  161.707 |  162.113 |  162.015 ||   -0.09   -0.18   -0.12   -0.31   -0.17   -0.08   -0.19   -0.14   -0.30   -0.05   -0.11
       med   |  163.048 |  163.286 |  163.093 |  162.934 |  163.570 |  164.244 |  164.830 |  164.209 |  164.179 |  164.424 |  165.675 |  163.635
4096   256   |  628.938 |  628.689 |  628.711 |  628.581 |  628.449 |  628.503 |  628.639 |  628.542 |  628.784 |  628.638 |  628.816 |  628.889 ||   -0.04   -0.04   -0.06   -0.08   -0.07   -0.05   -0.06   -0.02   -0.05   -0.02   -0.01
       med   |  630.453 |  631.968 |  630.351 |  632.515 |  630.352 |  633.292 |  630.913 |  631.189 |  632.561 |  631.419 |  634.649 |  631.300
=== process order6.2
SELFCHECK OK (256 whole-block lengths 1..256 blk x 12 variants; out/Xi/ivec/ret byte-identical)
bytes  blks  |     base |       t6 |       t2 |       t5 |       t8 |   baseAA |     dsp0 |     cw4t |   baseAB |       t4 |       t7 |       t3 ||      t6%      t2%      t5%      t8%  baseAA%    dsp0%    cw4t%  baseAB%      t4%      t7%      t3%
16     1     |   25.386 |   12.316 |   12.266 |   12.345 |   12.319 |   25.317 |   25.374 |   12.565 |   25.505 |   12.332 |   12.375 |   12.347 ||  -51.48  -51.68  -51.37  -51.47   -0.27   -0.05  -50.50   +0.47  -51.42  -51.25  -51.36
       med   |   25.758 |   12.325 |   12.331 |   12.353 |   12.328 |   25.510 |   25.686 |   12.571 |   25.885 |   12.387 |   12.383 |   12.355
32     2     |   23.406 |   13.333 |   13.367 |   13.329 |   13.331 |   23.405 |   23.353 |   13.237 |   23.487 |   13.413 |   13.366 |   13.390 ||  -43.04  -42.89  -43.05  -43.04   -0.00   -0.23  -43.44   +0.35  -42.69  -42.89  -42.79
       med   |   23.887 |   13.342 |   13.403 |   13.357 |   13.342 |   23.444 |   23.558 |   13.462 |   24.198 |   13.444 |   13.386 |   13.435
48     3     |   24.251 |   13.767 |   24.207 |   13.755 |   13.678 |   24.253 |   24.210 |   14.125 |   24.266 |   13.744 |   13.695 |   13.717 ||  -43.23   -0.18  -43.28  -43.60   +0.01   -0.17  -41.76   +0.06  -43.32  -43.53  -43.44
       med   |   24.636 |   13.809 |   24.337 |   13.773 |   13.712 |   24.298 |   24.418 |   14.201 |   25.121 |   13.762 |   13.706 |   13.739
64     4     |   25.146 |   14.852 |   25.110 |   14.832 |   14.867 |   25.118 |   25.099 |   15.527 |   25.163 |   14.845 |   14.871 |   25.121 ||  -40.94   -0.14  -41.02  -40.88   -0.11   -0.19  -38.25   +0.07  -40.96  -40.86   -0.10
       med   |   25.589 |   14.863 |   25.152 |   14.843 |   14.880 |   25.172 |   25.391 |   15.545 |   25.968 |   14.860 |   14.884 |   25.157
80     5     |   25.989 |   16.748 |   25.987 |   16.578 |   16.630 |   25.985 |   25.995 |   19.481 |   25.998 |   25.982 |   16.638 |   25.991 ||  -35.55   -0.01  -36.21  -36.01   -0.02   +0.02  -25.04   +0.04   -0.02  -35.98   +0.01
       med   |   26.245 |   16.765 |   26.022 |   16.597 |   16.648 |   26.010 |   26.302 |   19.553 |   26.785 |   26.023 |   16.657 |   26.020
96     6     |   26.936 |   18.751 |   26.918 |   26.923 |   18.801 |   26.894 |   26.887 |   22.050 |   26.920 |   26.917 |   18.783 |   26.932 ||  -30.39   -0.07   -0.05  -30.20   -0.16   -0.18  -18.14   -0.06   -0.07  -30.27   -0.01
       med   |   27.237 |   19.018 |   26.958 |   26.975 |   19.062 |   26.980 |   27.247 |   22.078 |   27.570 |   26.961 |   18.835 |   27.188
112    7     |   27.459 |   27.485 |   27.512 |   27.488 |   20.849 |   27.456 |   27.393 |   24.776 |   27.483 |   27.522 |   20.824 |   27.515 ||   +0.10   +0.19   +0.11  -24.07   -0.01   -0.24   -9.77   +0.09   +0.23  -24.16   +0.20
       med   |   28.043 |   27.519 |   27.546 |   27.588 |   20.867 |   27.490 |   27.520 |   24.847 |   28.248 |   27.634 |   20.843 |   27.729
128    8     |   25.357 |   25.564 |   25.588 |   25.601 |   22.944 |   25.501 |   25.573 |   25.596 |   25.590 |   25.589 |   25.563 |   25.590 ||   +0.82   +0.91   +0.96   -9.51   +0.57   +0.85   +0.94   +0.92   +0.91   +0.81   +0.92
       med   |   25.842 |   25.622 |   25.616 |   25.707 |   23.477 |   25.558 |   25.636 |   26.010 |   26.070 |   25.736 |   25.822 |   25.611
256    16    |   45.499 |   45.344 |   45.317 |   45.477 |   45.328 |   45.469 |   45.372 |   45.736 |   45.332 |   45.350 |   45.484 |   45.368 ||   -0.34   -0.40   -0.05   -0.38   -0.07   -0.28   +0.52   -0.37   -0.33   -0.03   -0.29
       med   |   46.489 |   45.600 |   45.702 |   45.659 |   45.679 |   46.541 |   46.064 |   46.692 |   46.074 |   46.159 |   46.422 |   45.926
512    32    |   84.526 |   84.420 |   84.345 |   84.467 |   84.370 |   84.387 |   84.450 |   83.314 |   84.419 |   84.398 |   83.861 |   84.404 ||   -0.13   -0.21   -0.07   -0.18   -0.16   -0.09   -1.43   -0.13   -0.15   -0.79   -0.14
       med   |   85.422 |   84.519 |   84.468 |   85.727 |   85.305 |   85.325 |   85.075 |   85.017 |   85.159 |   85.567 |   85.170 |   85.529
1024   64    |  162.046 |  161.821 |  161.845 |  162.011 |  161.687 |  161.628 |  161.886 |  161.929 |  161.984 |  161.902 |  162.002 |  161.885 ||   -0.14   -0.12   -0.02   -0.22   -0.26   -0.10   -0.07   -0.04   -0.09   -0.03   -0.10
       med   |  163.319 |  162.257 |  162.855 |  163.064 |  163.690 |  163.825 |  163.979 |  164.653 |  164.195 |  164.607 |  164.721 |  163.540
4096   256   |  628.964 |  628.732 |  628.404 |  628.591 |  628.571 |  628.626 |  628.684 |  628.732 |  628.891 |  627.570 |  628.787 |  628.903 ||   -0.04   -0.09   -0.06   -0.06   -0.05   -0.04   -0.04   -0.01   -0.22   -0.03   -0.01
       med   |  630.854 |  630.884 |  629.845 |  631.726 |  630.086 |  631.354 |  631.438 |  631.064 |  633.189 |  631.127 |  632.474 |  630.806
=== process order6.3
SELFCHECK OK (256 whole-block lengths 1..256 blk x 12 variants; out/Xi/ivec/ret byte-identical)
bytes  blks  |     base |       t6 |       t2 |       t5 |       t8 |   baseAA |     dsp0 |     cw4t |   baseAB |       t4 |       t7 |       t3 ||      t6%      t2%      t5%      t8%  baseAA%    dsp0%    cw4t%  baseAB%      t4%      t7%      t3%
16     1     |   25.320 |   12.318 |   12.267 |   12.343 |   12.318 |   25.316 |   25.382 |   12.565 |   25.381 |   12.337 |   12.373 |   12.345 ||  -51.35  -51.55  -51.25  -51.35   -0.02   +0.24  -50.37   +0.24  -51.28  -51.13  -51.24
       med   |   25.618 |   12.326 |   12.332 |   12.353 |   12.327 |   25.446 |   25.585 |   12.571 |   25.732 |   12.387 |   12.382 |   12.355
32     2     |   23.416 |   13.332 |   13.380 |   13.321 |   13.328 |   23.406 |   23.365 |   13.237 |   23.421 |   13.414 |   13.366 |   13.391 ||  -43.07  -42.86  -43.11  -43.08   -0.05   -0.22  -43.47   +0.02  -42.72  -42.92  -42.81
       med   |   23.879 |   13.342 |   13.406 |   13.356 |   13.343 |   23.447 |   23.601 |   13.462 |   24.109 |   13.445 |   13.386 |   13.436
48     3     |   24.249 |   13.740 |   24.213 |   13.727 |   13.679 |   24.238 |   24.197 |   14.128 |   24.283 |   13.742 |   13.693 |   13.717 ||  -43.34   -0.15  -43.39  -43.59   -0.05   -0.21  -41.74   +0.14  -43.33  -43.53  -43.43
       med   |   24.566 |   13.808 |   24.352 |   13.773 |   13.688 |   24.400 |   24.294 |   14.206 |   25.107 |   13.762 |   13.704 |   13.760
64     4     |   25.149 |   14.852 |   25.118 |   14.831 |   14.867 |   25.112 |   25.094 |   15.529 |   25.156 |   14.848 |   14.873 |   25.113 ||  -40.95   -0.12  -41.03  -40.88   -0.15   -0.22  -38.25   +0.03  -40.96  -40.86   -0.14
       med   |   25.586 |   14.863 |   25.151 |   14.845 |   14.881 |   25.168 |   25.350 |   15.551 |   25.847 |   14.861 |   14.885 |   25.154
80     5     |   25.994 |   16.748 |   25.990 |   16.578 |   16.633 |   25.984 |   25.994 |   19.487 |   25.996 |   25.993 |   16.642 |   25.999 ||  -35.57   -0.01  -36.22  -36.01   -0.04   +0.00  -25.03   +0.01   -0.00  -35.98   +0.02
       med   |   26.352 |   16.767 |   26.022 |   16.598 |   16.648 |   26.013 |   26.291 |   19.556 |   26.560 |   26.252 |   16.656 |   26.233
96     6     |   26.922 |   18.747 |   26.923 |   26.941 |   18.786 |   26.897 |   26.883 |   22.058 |   26.958 |   26.921 |   18.782 |   26.934 ||  -30.36   +0.00   +0.07  -30.22   -0.09   -0.14  -18.07   +0.13   -0.00  -30.23   +0.05
       med   |   27.219 |   19.016 |   26.957 |   26.977 |   18.931 |   26.986 |   27.250 |   22.079 |   27.502 |   26.971 |   18.836 |   27.187
112    7     |   27.466 |   27.477 |   27.516 |   27.487 |   20.849 |   27.457 |   27.471 |   24.758 |   27.455 |   27.518 |   20.830 |   27.522 ||   +0.04   +0.18   +0.08  -24.09   -0.03   +0.02   -9.86   -0.04   +0.19  -24.16   +0.20
       med   |   28.050 |   27.519 |   27.546 |   27.588 |   20.867 |   27.596 |   27.600 |   24.839 |   28.006 |   27.703 |   20.843 |   27.753
128    8     |   25.371 |   25.600 |   25.589 |   25.604 |   22.936 |   25.514 |   25.576 |   25.592 |   25.588 |   25.587 |   25.601 |   25.582 ||   +0.90   +0.86   +0.92   -9.60   +0.56   +0.81   +0.87   +0.85   +0.85   +0.91   +0.83
       med   |   25.804 |   25.623 |   25.612 |   25.634 |   23.387 |   25.551 |   25.633 |   26.041 |   25.999 |   25.617 |   25.734 |   25.612
256    16    |   45.490 |   45.354 |   45.350 |   45.447 |   45.323 |   45.393 |   45.366 |   45.638 |   45.364 |   45.368 |   45.431 |   45.312 ||   -0.30   -0.31   -0.09   -0.37   -0.21   -0.27   +0.33   -0.28   -0.27   -0.13   -0.39
       med   |   46.315 |   45.575 |   45.691 |   45.703 |   45.868 |   46.127 |   46.022 |   46.690 |   46.406 |   46.533 |   46.118 |   45.603
512    32    |   84.566 |   84.399 |   84.381 |   84.434 |   83.352 |   84.390 |   84.395 |   84.382 |   84.406 |   84.411 |   84.413 |   84.408 ||   -0.20   -0.22   -0.16   -1.44   -0.21   -0.20   -0.22   -0.19   -0.18   -0.18   -0.19
       med   |   85.504 |   85.411 |   84.487 |   85.259 |   85.325 |   85.443 |   85.621 |   85.418 |   84.566 |   85.687 |   86.120 |   85.804
1024   64    |  162.026 |  162.000 |  161.446 |  161.968 |  161.405 |  161.893 |  162.043 |  162.061 |  161.931 |  161.810 |  161.839 |  161.911 ||   -0.02   -0.36   -0.04   -0.38   -0.08   +0.01   +0.02   -0.06   -0.13   -0.12   -0.07
       med   |  162.725 |  163.481 |  163.110 |  162.976 |  163.097 |  164.333 |  164.440 |  163.742 |  163.165 |  163.667 |  165.635 |  163.510
4096   256   |  628.913 |  628.775 |  628.788 |  628.569 |  628.715 |  628.757 |  628.698 |  628.806 |  628.817 |  628.615 |  628.648 |  628.841 ||   -0.02   -0.02   -0.05   -0.03   -0.02   -0.03   -0.02   -0.02   -0.05   -0.04   -0.01
       med   |  630.413 |  631.135 |  630.208 |  631.854 |  630.747 |  631.336 |  631.251 |  630.546 |  631.305 |  630.592 |  632.115 |  631.479
=== process order6.4
SELFCHECK OK (256 whole-block lengths 1..256 blk x 12 variants; out/Xi/ivec/ret byte-identical)
bytes  blks  |     base |       t6 |       t2 |       t5 |       t8 |   baseAA |     dsp0 |     cw4t |   baseAB |       t4 |       t7 |       t3 ||      t6%      t2%      t5%      t8%  baseAA%    dsp0%    cw4t%  baseAB%      t4%      t7%      t3%
16     1     |   25.321 |   12.319 |   12.267 |   12.344 |   12.319 |   25.316 |   25.400 |   12.565 |   25.392 |   12.335 |   12.375 |   12.346 ||  -51.35  -51.56  -51.25  -51.35   -0.02   +0.31  -50.38   +0.28  -51.28  -51.13  -51.24
       med   |   25.706 |   12.325 |   12.332 |   12.353 |   12.333 |   25.538 |   25.674 |   12.571 |   25.844 |   12.388 |   12.383 |   12.356
32     2     |   23.423 |   13.330 |   13.379 |   13.318 |   13.330 |   23.409 |   23.357 |   13.354 |   23.458 |   13.410 |   13.364 |   13.392 ||  -43.09  -42.88  -43.14  -43.09   -0.06   -0.28  -42.99   +0.15  -42.75  -42.94  -42.83
       med   |   23.890 |   13.342 |   13.406 |   13.356 |   13.342 |   23.467 |   23.551 |   13.462 |   24.180 |   13.444 |   13.386 |   13.437
48     3     |   24.248 |   13.741 |   24.212 |   13.742 |   13.678 |   24.249 |   24.212 |   14.125 |   24.296 |   13.748 |   13.696 |   13.717 ||  -43.33   -0.15  -43.33  -43.59   +0.00   -0.15  -41.75   +0.20  -43.30  -43.51  -43.43
       med   |   24.674 |   13.810 |   24.340 |   13.773 |   13.714 |   24.383 |   24.386 |   14.162 |   25.168 |   13.762 |   13.704 |   13.761
64     4     |   25.155 |   14.852 |   25.115 |   14.835 |   14.868 |   25.116 |   25.099 |   15.527 |   25.336 |   14.847 |   14.870 |   25.124 ||  -40.96   -0.16  -41.03  -40.90   -0.15   -0.22  -38.28   +0.72  -40.98  -40.89   -0.12
       med   |   25.572 |   14.864 |   25.152 |   14.844 |   14.880 |   25.174 |   25.347 |   15.547 |   25.949 |   14.861 |   14.891 |   25.151
80     5     |   25.988 |   16.753 |   25.990 |   16.581 |   16.633 |   25.981 |   25.995 |   19.486 |   26.009 |   25.989 |   16.641 |   25.991 ||  -35.54   +0.01  -36.20  -36.00   -0.03   +0.02  -25.02   +0.08   +0.00  -35.97   +0.01
       med   |   26.294 |   16.767 |   26.116 |   16.603 |   16.648 |   26.012 |   26.278 |   19.555 |   26.700 |   26.145 |   16.658 |   26.228
96     6     |   26.927 |   18.756 |   26.922 |   26.921 |   18.790 |   26.898 |   26.900 |   22.050 |   26.960 |   26.917 |   18.786 |   26.915 ||  -30.34   -0.02   -0.02  -30.22   -0.11   -0.10  -18.11   +0.12   -0.04  -30.23   -0.04
       med   |   27.210 |   18.806 |   27.201 |   27.198 |   19.062 |   26.967 |   27.092 |   22.079 |   27.418 |   26.990 |   18.809 |   26.962
112    7     |   27.464 |   27.481 |   27.517 |   27.485 |   20.848 |   27.454 |   27.384 |   24.777 |   27.359 |   27.512 |   20.826 |   27.515 ||   +0.06   +0.19   +0.07  -24.09   -0.04   -0.29   -9.78   -0.38   +0.18  -24.17   +0.18
       med   |   28.004 |   27.519 |   27.550 |   27.520 |   20.869 |   27.494 |   27.529 |   24.838 |   28.172 |   27.777 |   20.843 |   27.551
128    8     |   25.375 |   25.590 |   25.588 |   25.591 |   22.948 |   25.515 |   25.560 |   25.583 |   25.585 |   25.592 |   25.568 |   25.585 ||   +0.85   +0.84   +0.85   -9.56   +0.55   +0.73   +0.82   +0.83   +0.86   +0.76   +0.83
       med   |   25.883 |   25.624 |   25.610 |   25.626 |   23.806 |   25.549 |   25.628 |   26.055 |   26.112 |   25.764 |   25.829 |   25.612
256    16    |   45.463 |   45.355 |   45.327 |   45.464 |   45.337 |   45.426 |   45.186 |   45.392 |   45.348 |   45.362 |   45.503 |   45.346 ||   -0.24   -0.30   +0.00   -0.28   -0.08   -0.61   -0.16   -0.25   -0.22   +0.09   -0.26
       med   |   46.530 |   45.876 |   45.689 |   45.874 |   45.697 |   46.427 |   45.573 |   46.708 |   46.348 |   46.555 |   46.517 |   45.614
512    32    |   84.455 |   84.415 |   84.381 |   84.452 |   83.019 |   84.374 |   84.456 |   84.418 |   84.417 |   84.382 |   84.428 |   84.435 ||   -0.05   -0.09   -0.00   -1.70   -0.10   +0.00   -0.04   -0.05   -0.09   -0.03   -0.02
       med   |   85.469 |   84.828 |   84.486 |   85.552 |   85.324 |   84.616 |   85.570 |   85.370 |   84.992 |   85.517 |   85.770 |   85.604
1024   64    |  162.163 |  161.994 |  161.780 |  161.970 |  161.630 |  161.930 |  161.883 |  161.896 |  162.118 |  161.827 |  162.036 |  162.000 ||   -0.10   -0.24   -0.12   -0.33   -0.14   -0.17   -0.16   -0.03   -0.21   -0.08   -0.10
       med   |  163.612 |  163.065 |  163.129 |  163.030 |  162.155 |  163.204 |  163.675 |  163.611 |  163.598 |  163.409 |  165.471 |  163.487
4096   256   |  628.913 |  628.751 |  628.713 |  628.480 |  628.269 |  628.681 |  628.635 |  628.627 |  628.048 |  628.462 |  628.743 |  628.809 ||   -0.03   -0.03   -0.07   -0.10   -0.04   -0.04   -0.05   -0.14   -0.07   -0.03   -0.02
       med   |  630.479 |  630.593 |  630.072 |  631.035 |  630.217 |  631.176 |  630.289 |  629.949 |  630.154 |  630.692 |  630.891 |  631.140
=== process order6.5
SELFCHECK OK (256 whole-block lengths 1..256 blk x 12 variants; out/Xi/ivec/ret byte-identical)
bytes  blks  |     base |       t6 |       t2 |       t5 |       t8 |   baseAA |     dsp0 |     cw4t |   baseAB |       t4 |       t7 |       t3 ||      t6%      t2%      t5%      t8%  baseAA%    dsp0%    cw4t%  baseAB%      t4%      t7%      t3%
16     1     |   25.313 |   12.317 |   12.320 |   12.345 |   12.319 |   25.280 |   25.374 |   12.566 |   25.387 |   12.303 |   12.374 |   12.347 ||  -51.34  -51.33  -51.23  -51.34   -0.13   +0.24  -50.36   +0.29  -51.39  -51.12  -51.22
       med   |   25.605 |   12.325 |   12.332 |   12.353 |   12.350 |   25.449 |   25.580 |   12.571 |   25.736 |   12.387 |   12.383 |   12.355
32     2     |   23.408 |   13.333 |   13.379 |   13.342 |   13.331 |   23.402 |   23.371 |   13.263 |   23.366 |   13.414 |   13.370 |   13.392 ||  -43.04  -42.85  -43.00  -43.05   -0.03   -0.16  -43.34   -0.18  -42.70  -42.88  -42.79
       med   |   23.886 |   13.342 |   13.404 |   13.357 |   13.342 |   23.448 |   23.549 |   13.462 |   24.124 |   13.444 |   13.386 |   13.440
48     3     |   24.281 |   13.741 |   24.208 |   13.752 |   13.678 |   24.242 |   24.206 |   14.124 |   24.267 |   13.743 |   13.697 |   13.717 ||  -43.41   -0.30  -43.36  -43.67   -0.16   -0.31  -41.83   -0.06  -43.40  -43.59  -43.51
       med   |   24.718 |   13.809 |   24.351 |   13.773 |   13.712 |   24.314 |   24.396 |   14.163 |   24.865 |   13.762 |   13.703 |   13.761
64     4     |   25.152 |   14.854 |   25.124 |   14.834 |   14.866 |   25.106 |   25.118 |   15.530 |   25.156 |   14.846 |   14.873 |   25.125 ||  -40.94   -0.11  -41.02  -40.90   -0.18   -0.13  -38.25   +0.02  -40.97  -40.87   -0.10
       med   |   25.575 |   14.864 |   25.151 |   14.845 |   14.881 |   25.173 |   25.368 |   15.545 |   25.893 |   14.859 |   14.885 |   25.152
80     5     |   25.990 |   16.746 |   25.987 |   16.582 |   16.631 |   25.977 |   25.996 |   19.489 |   25.990 |   25.993 |   16.641 |   25.992 ||  -35.57   -0.01  -36.20  -36.01   -0.05   +0.02  -25.01   +0.00   +0.01  -35.97   +0.01
       med   |   26.449 |   16.766 |   26.032 |   16.599 |   16.649 |   26.012 |   26.312 |   19.554 |   26.602 |   26.131 |   16.657 |   26.233
96     6     |   26.923 |   18.747 |   26.924 |   26.934 |   18.789 |   26.911 |   26.905 |   22.040 |   26.926 |   26.910 |   18.786 |   26.918 ||  -30.37   +0.00   +0.04  -30.21   -0.04   -0.06  -18.13   +0.01   -0.05  -30.22   -0.02
       med   |   27.268 |   19.019 |   26.958 |   26.974 |   19.050 |   26.965 |   27.226 |   22.081 |   27.305 |   27.060 |   19.003 |   26.964
112    7     |   27.458 |   27.479 |   27.511 |   27.485 |   20.852 |   27.459 |   27.434 |   24.782 |   27.453 |   27.519 |   20.823 |   27.520 ||   +0.07   +0.19   +0.10  -24.06   +0.00   -0.09   -9.75   -0.02   +0.22  -24.16   +0.23
       med   |   27.803 |   27.524 |   27.545 |   27.524 |   20.868 |   27.497 |   27.725 |   24.831 |   28.176 |   27.552 |   20.844 |   27.761
128    8     |   25.379 |   25.601 |   25.574 |   25.595 |   22.940 |   25.512 |   25.596 |   25.592 |   25.573 |   25.590 |   25.584 |   25.584 ||   +0.87   +0.77   +0.85   -9.61   +0.52   +0.85   +0.84   +0.76   +0.83   +0.80   +0.81
       med   |   25.811 |   25.624 |   25.612 |   25.708 |   23.546 |   25.543 |   25.626 |   26.147 |   25.888 |   25.616 |   25.774 |   25.612
256    16    |   45.504 |   45.366 |   45.330 |   45.443 |   45.342 |   45.407 |   45.367 |   45.478 |   45.367 |   45.355 |   45.460 |   45.339 ||   -0.30   -0.38   -0.13   -0.36   -0.21   -0.30   -0.06   -0.30   -0.33   -0.10   -0.36
       med   |   46.426 |   45.690 |   45.690 |   45.891 |   45.800 |   46.074 |   45.843 |   46.729 |   46.419 |   46.598 |   46.331 |   45.913
512    32    |   84.571 |   84.414 |   84.396 |   84.458 |   83.283 |   84.389 |   84.450 |   84.261 |   84.435 |   84.407 |   84.408 |   84.436 ||   -0.19   -0.21   -0.13   -1.52   -0.21   -0.14   -0.37   -0.16   -0.19   -0.19   -0.16
       med   |   85.552 |   84.557 |   85.326 |   85.595 |   85.313 |   85.689 |   85.443 |   85.383 |   84.713 |   85.661 |   85.435 |   85.904
1024   64    |  162.034 |  161.798 |  161.834 |  161.970 |  161.494 |  161.911 |  161.821 |  161.970 |  162.042 |  161.835 |  161.939 |  161.978 ||   -0.15   -0.12   -0.04   -0.33   -0.08   -0.13   -0.04   +0.01   -0.12   -0.06   -0.03
       med   |  163.514 |  163.131 |  162.844 |  163.188 |  163.075 |  163.531 |  163.714 |  163.859 |  163.310 |  163.714 |  163.595 |  163.570
4096   256   |  629.053 |  628.682 |  628.703 |  628.657 |  628.043 |  628.477 |  628.658 |  628.827 |  628.828 |  628.612 |  628.699 |  628.911 ||   -0.06   -0.06   -0.06   -0.16   -0.09   -0.06   -0.04   -0.04   -0.07   -0.06   -0.02
       med   |  630.640 |  631.312 |  629.900 |  630.497 |  629.842 |  631.244 |  631.461 |  630.615 |  631.038 |  630.380 |  632.740 |  630.739
